"","Kingdom","Supergroup","Division","Class","Order","Family","Genus","Species"
"ASV3","Eukaryota","Hacrobia","Cryptophyta","Cryptophyceae","Cryptomonadales","Cryptomonadales_X","Plagioselmis","Plagioselmis_prolonga"
"ASV26","Eukaryota","Stramenopiles","Opalozoa","Bicoecea","Pseudodendromonadales","Pseudodendromonadales_X","Family_Pseudodendromonadales_X","Family_Pseudodendromonadales_X"
"ASV69","Eukaryota","Hacrobia","Cryptophyta","Cryptophyceae","Cryptomonadales","Cryptomonadales_X","Cryptomonadales_XX","Cryptomonadales_XX_sp."
"ASV85","Eukaryota","Alveolata","Dinoflagellata","Dinophyceae","Peridiniales","Thoracosphaeraceae","Family_Thoracosphaeraceae","Family_Thoracosphaeraceae"
"ASV94","Eukaryota","Stramenopiles","Pseudofungi","Oomycota","Oomycota_X","Oomycota_XX","Chlamydomyzium","Chlamydomyzium_sp."
"ASV103","Eukaryota","Opisthokonta","Metazoa","Rotifera","Rotifera_X","Rotifera_XX","Brachionus","Brachionus_calyciflorus"
"ASV126","Eukaryota","Stramenopiles","Opalozoa","Bicoecea","Pseudodendromonadales","Pseudodendromonadales_X","Nerada","Nerada_mexicana"
"ASV130","Eukaryota","Archaeplastida","Streptophyta","Embryophyceae","Embryophyceae_X","Embryophyceae_XX","Solanum","Genus_Solanum"
"ASV152","Eukaryota","Archaeplastida","Chlorophyta","Pedinophyceae","Pedinomonadales","Pedinomonadaceae","Pedinomonas","Pedinomonas_sp."
"ASV161","Eukaryota","Stramenopiles","Ochrophyta","Dictyochophyceae","Dictyochophyceae_X","Pedinellales","Pseudopedinella","Pseudopedinella_sp."
"ASV168","Eukaryota","Opisthokonta","Metazoa","Arthropoda","Crustacea","Maxillopoda","Cyclops","Cyclops_sp."
"ASV176","Eukaryota","Alveolata","Dinoflagellata","Dinophyceae","Gymnodiniales","Order_Gymnodiniales","Order_Gymnodiniales","Order_Gymnodiniales"
"ASV183","Eukaryota","Stramenopiles","Ochrophyta","Chrysophyceae","Chrysophyceae_X","Chrysophyceae_Clade-B2","Chrysophyceae_Clade-B2_X","Chrysophyceae_Clade-B2_X_sp."
"ASV253","Eukaryota","Archaeplastida","Streptophyta","Embryophyceae","Embryophyceae_X","Embryophyceae_XX","Urtica","Urtica_angustifolia"
"ASV262","Eukaryota","Opisthokonta","Fungi","Chytridiomycota","Chytridiomycotina","Chytridiomycetes","Chytriomyces","Chytriomyces_sp."
"ASV300","Eukaryota","Excavata","Discoba","Euglenozoa","Euglenida","Order_Euglenida","Order_Euglenida","Order_Euglenida"
"ASV306","Eukaryota","Stramenopiles","Ochrophyta","Chrysophyceae","Chrysophyceae_X","Chrysophyceae_Clade-C","Poteriospumella","Poteriospumella_lacustris"
"ASV320","Eukaryota","Stramenopiles","Ochrophyta","Bacillariophyta","Bacillariophyta_X","Polar-centric-Mediophyceae","Discostella","Discostella_sp."
"ASV351","Eukaryota","Amoebozoa","Lobosa","Tubulinea","Arcellinida","Arcellinida_X","Cryptodifflugia","Genus_Cryptodifflugia"
"ASV366","Eukaryota","Opisthokonta","Metazoa","Arthropoda","Crustacea","Maxillopoda","Acanthocyclops","Acanthocyclops_viridis"
"ASV375","Eukaryota","Stramenopiles","Sagenista","Labyrinthulomycetes","Thraustochytriales","Thraustochytriaceae","Labyrinthuloides","Labyrinthuloides_haliotidis"
"ASV391","Eukaryota","Alveolata","Ciliophora","Oligohymenophorea","Peritrichia_2","Sessilida","Vorticella","Genus_Vorticella"
"ASV401","Eukaryota","Hacrobia","Cryptophyta","Cryptophyceae","Class_Cryptophyceae","Class_Cryptophyceae","Class_Cryptophyceae","Class_Cryptophyceae"
"ASV408","Eukaryota","Opisthokonta","Fungi","Chytridiomycota","Chytridiomycotina","Order_Chytridiomycotina","Order_Chytridiomycotina","Order_Chytridiomycotina"
"ASV415","Eukaryota","Stramenopiles","Opalozoa","Bicoecea","Pseudodendromonadales","Pseudodendromonadales_X","Siluania","Siluania_monomastiga"
"ASV418","Eukaryota","Archaeplastida","Chlorophyta","Chlorophyceae","Chlamydomonadales","Chlamydomonadales_X","Cephalomonas","Cephalomonas_granulata"
"ASV422","Eukaryota","Rhizaria","Cercozoa","Filosa-Sarcomonadea","Class_Filosa-Sarcomonadea","Class_Filosa-Sarcomonadea","Class_Filosa-Sarcomonadea","Class_Filosa-Sarcomonadea"
"ASV433","Eukaryota","Opisthokonta","Choanoflagellida","Choanoflagellida_X","Choanoflagellida_XX","Clade-2","Sphaeroeca","Sphaeroeca_leprechaunica"
"ASV438","Eukaryota","Stramenopiles","Ochrophyta","Bolidophyceae","Parmales","Parmales_env_2","Parmales_env_2_X","Parmales_env_2_X_sp."
"ASV448","Eukaryota","Archaeplastida","Chlorophyta","Mamiellophyceae","Mamiellales","Bathycoccaceae","Ostreococcus","Ostreococcus_mediterraneus"
"ASV468","Eukaryota","Archaeplastida","Streptophyta","Embryophyceae","Embryophyceae_X","Embryophyceae_XX","Family_Embryophyceae_XX","Family_Embryophyceae_XX"
"ASV470","Eukaryota","Opisthokonta","Choanoflagellida","Choanoflagellatea","Craspedida","Order_Craspedida","Order_Craspedida","Order_Craspedida"
"ASV482","Eukaryota","Archaeplastida","Chlorophyta","Chlorodendrophyceae","Chlorodendrales","Chlorodendraceae","Tetraselmis","Genus_Tetraselmis"
"ASV485","Eukaryota","Opisthokonta","Fungi","Basidiomycota","Pucciniomycotina","Cystobasidiomycetes","Sporobolomyces","Sporobolomyces_roseus"
"ASV489","Eukaryota","Stramenopiles","Ochrophyta","Chrysophyceae","Chrysophyceae_X","Chrysophyceae_XX","Chrysophyceae_XXX","Chrysophyceae_XXX_sp."
"ASV501","Eukaryota","Stramenopiles","Pseudofungi","Pirsonia_Clade","Pirsonia_Clade_X","Pirsonia_Clade_XX","Pirsonia","Pirsonia_verrucosa"
"ASV520","Eukaryota","Opisthokonta","Choanoflagellida","Choanoflagellatea","Choanoflagellatea_X","Choanoflagellatea_X_Group_P","Choanoflagellatea_X_Group_P_X","Choanoflagellatea_X_Group_P_X_sp."
"ASV528","Eukaryota","Rhizaria","Cercozoa","Filosa-Imbricatea","Spongomonadida","Spongomonadidae","Spongomonas","Spongomonas_minima"
"ASV545","Eukaryota","Stramenopiles","Ochrophyta","Chrysophyceae","Chrysophyceae_X","Chrysophyceae_Clade-C","Chrysophyceae_Clade-C_X","Chrysophyceae_Clade-C_X_sp."
"ASV576","Eukaryota","Opisthokonta","Fungi","Chytridiomycota","Chytridiomycotina","Chytridiomycetes","Rhyzophidiales","Rhyzophidiales_sp."
"ASV594","Eukaryota","Archaeplastida","Chlorophyta","Chlorophyceae","Sphaeropleales","Sphaeropleales_X","Coelastrum","Coelastrum_microporum"
"ASV595","Eukaryota","Stramenopiles","Ochrophyta","Bacillariophyta","Bacillariophyta_X","Araphid-pennate","Fragilaria","Fragilaria_sp."
"ASV598","Eukaryota","Archaeplastida","Chlorophyta","Chlorophyceae","Chlamydomonadales","Chlamydomonadales_X","Chlamydomonas","Genus_Chlamydomonas"
"ASV600","Eukaryota","Stramenopiles","Ochrophyta","Bolidophyceae","Parmales","Parmales_X","Parmales_XX","Parmales_XX_sp."
"ASV619","Eukaryota","Stramenopiles","Pseudofungi","Oomycota","Oomycota_X","Saprolegniales","Saprolegniales_X","Saprolegniales_X_sp."
"ASV623","Eukaryota","Opisthokonta","Fungi","Chytridiomycota","Chytridiomycotina","Chytridiomycetes","Chytridiomycetes_X","Chytridiomycetes_X_sp."
"ASV635","Eukaryota","Archaeplastida","Streptophyta","Zygnemophyceae","Zygnemophyceae_X","Zygnemophyceae_XX","Mougeotia","Mougeotia_sp."
"ASV636","Eukaryota","Archaeplastida","Chlorophyta","Chlorophyceae","Chaetophorales","Chaetophorales_X","Stigeoclonium","Stigeoclonium_sp."
"ASV679","Eukaryota","Alveolata","Ciliophora","Spirotrichea","Hypotrichia","Hypotrichia_X","Hypotrichia_XX","Hypotrichia_XX_sp."
"ASV695","Eukaryota","Opisthokonta","Choanoflagellida","Division_Choanoflagellida","Division_Choanoflagellida","Division_Choanoflagellida","Division_Choanoflagellida","Division_Choanoflagellida"
"ASV714","Eukaryota","Archaeplastida","Streptophyta","Coleochaetophyceae","Coleochaetophyceae_X","Coleochaetophyceae_XX","Coleochaete","Coleochaete_scutata"
"ASV719","Eukaryota","Opisthokonta","Mesomycetozoa","Ichthyosporea","Ichthyosphonida","Abeoformidae_Group_MAIP_2","Abeoformidae_Group_MAIP_2_X","Abeoformidae_Group_MAIP_2_X_sp."
"ASV724","Eukaryota","Stramenopiles","Pseudofungi","Oomycota","Oomycota_X","Peronosporales","Family_Peronosporales","Family_Peronosporales"
"ASV731","Eukaryota","Opisthokonta","Metazoa","Craniata","Craniata_X","Craniata_XX","Craniata_XXX","Craniata_XXX_sp."
"ASV735","Eukaryota","Archaeplastida","Chlorophyta","Chlorophyceae","Chlamydomonadales","Chlamydomonadales_X","Chlorococcum","Chlorococcum_sp."
"ASV759","Eukaryota","Archaeplastida","Chlorophyta","Chlorophyceae","Oedogoniales","Oedogoniales_X","Oedogonium","Oedogonium_sp."
"ASV782","Eukaryota","Opisthokonta","Choanoflagellida","Choanoflagellatea","Class_Choanoflagellatea","Class_Choanoflagellatea","Class_Choanoflagellatea","Class_Choanoflagellatea"
"ASV797","Eukaryota","Alveolata","Dinoflagellata","Dinophyceae","Dinophyceae_X","Order_Dinophyceae_X","Order_Dinophyceae_X","Order_Dinophyceae_X"
"ASV800","Eukaryota","Archaeplastida","Chlorophyta","Chlorophyceae","Chlamydomonadales","Chlamydomonadales_X","Spermatozopsis","Spermatozopsis_similis"
"ASV808","Eukaryota","Stramenopiles","Pseudofungi","Pirsonia_Clade","Pirsonia_Clade_X","Pirsonia_Clade_XX","Pirsonia_Clade__XXX","Pirsonia_Clade__XXX_sp."
"ASV817","Eukaryota","Opisthokonta","Fungi","Chytridiomycota","Chytridiomycotina","Chytridiomycetes","Nephrochytrium","Nephrochytrium_sp."
"ASV824","Eukaryota","Stramenopiles","Opalozoa","Bicoecea","Bicoecales","Bicoecaceae","Bicoecaceae_X","Bicoecaceae_X_sp."
"ASV830","Eukaryota","Stramenopiles","Ochrophyta","Bacillariophyta","Bacillariophyta_X","Raphid-pennate","Family_Raphid-pennate","Family_Raphid-pennate"
"ASV836","Eukaryota","Stramenopiles","Ochrophyta","Bacillariophyta","Bacillariophyta_X","Polar-centric-Mediophyceae","Cyclotella","Genus_Cyclotella"
"ASV843","Eukaryota","Archaeplastida","Streptophyta","Embryophyceae","Embryophyceae_X","Embryophyceae_XX","Panax","Panax_ginseng"
"ASV844","Eukaryota","Stramenopiles","Pseudofungi","Oomycota","Oomycota_X","Peronosporales","Lagenidium","Lagenidium_giganteum"
"ASV899","Eukaryota","Archaeplastida","Rhodophyta","Bangiophyceae","Cyanidiales","Cyanidiales_X","Cyanidiales_XX","Cyanidiales_XX_sp."
"ASV913","Eukaryota","Alveolata","Perkinsea","Perkinsida","Perkinsida_X","Perkinsida_XX","Family_Perkinsida_XX","Family_Perkinsida_XX"
"ASV917","Eukaryota","Stramenopiles","Ochrophyta","Dictyochophyceae","Dictyochophyceae_X","Pedinellales","Pseudopedinella","Genus_Pseudopedinella"
"ASV918","Eukaryota","Alveolata","Ciliophora","Spirotrichea","Hypotrichia","Oxytrichidae","Oxytrichidae_X","Oxytrichidae_X_sp."
"ASV928","Eukaryota","Alveolata","Dinoflagellata","Dinophyceae","Dinophyceae_X","Tovelliaceae","Tovellia","Tovellia_aveirensis"
"ASV958","Eukaryota","Opisthokonta","Fungi","Chytridiomycota","Chytridiomycotina","Chytridiomycetes","Mesochytrium","Mesochytrium_penetrans"
"ASV963","Eukaryota","Stramenopiles","Ochrophyta","Bacillariophyta","Bacillariophyta_X","Polar-centric-Mediophyceae","Skeletonema","Skeletonema_subsalsum"
"ASV971","Eukaryota","Apusozoa","Hilomonadea","Planomonadida","Planomonadidae","Planomonadidae_X","Micronuclearia","Micronuclearia_podoventralis"
"ASV976","Eukaryota","Opisthokonta","Metazoa","Arthropoda","Crustacea","Maxillopoda","Eurytemora","Eurytemora_affinis"
"ASV977","Eukaryota","Archaeplastida","Chlorophyta","Trebouxiophyceae","Chlorellales","Chlorellales_X","Nannochloris","Genus_Nannochloris"
"ASV994","Eukaryota","Archaeplastida","Streptophyta","Zygnemophyceae","Zygnemophyceae_X","Zygnemophyceae_XX","Staurastrum","Staurastrum_sp."
"ASV1000","Eukaryota","Archaeplastida","Streptophyta","Zygnemophyceae","Zygnemophyceae_X","Zygnemophyceae_XX","Spirotaenia","Spirotaenia_condensata"
"ASV1005","Eukaryota","Rhizaria","Cercozoa","Filosa-Sarcomonadea","Pansomonadida","Pansomonadida_X","Pansomonadida_XX","Pansomonadida_XX_sp."
"ASV1007","Eukaryota","Archaeplastida","Chlorophyta","Chlorophyceae","Chlamydomonadales","Chlamydomonadales_X","Tetracystis","Genus_Tetracystis"
"ASV1017","Eukaryota","Opisthokonta","Fungi","Basidiomycota","Pucciniomycotina","Cystobasidiomycetes","Rhodotorula","Rhodotorula_cassiicola"
"ASV1033","Eukaryota","Stramenopiles","Ochrophyta","Chrysophyceae","Chrysophyceae_X","Chrysophyceae_Clade-F","Family_Chrysophyceae_Clade-F","Family_Chrysophyceae_Clade-F"
"ASV1043","Eukaryota","Stramenopiles","Ochrophyta","Chrysophyceae","Chrysophyceae_X","Chrysophyceae_Clade_C","Ochromonas","Ochromonas_sp."
"ASV1044","Eukaryota","Archaeplastida","Chlorophyta","Ulvophyceae","Ulvales-relatives","Ulvales-relatives_X","Jaoa","Genus_Jaoa"
"ASV1045","Eukaryota","Excavata","Metamonada","Fornicata","Fornicata_X","Hexamitinae-Enteromonadida","Hexamita","Genus_Hexamita"
"ASV1046","Eukaryota","Rhizaria","Cercozoa","Filosa-Sarcomonadea","Glissomonadida","Allapsidae","Viridiraptor","Viridiraptor_invadens"
"ASV1052","Eukaryota","Stramenopiles","Ochrophyta","Bacillariophyta","Bacillariophyta_X","Raphid-pennate","Gomphonema","Gomphonema_bourbonense"
"ASV1053","Eukaryota","Archaeplastida","Streptophyta","Embryophyceae","Embryophyceae_X","Embryophyceae_XX","Allium","Genus_Allium"
"ASV1054","Eukaryota","Opisthokonta","Fungi","Basidiomycota","Pucciniomycotina","Agaricostilbomycetes","Bensingtonia","Bensingtonia_miscanthi"
"ASV1066","Eukaryota","Archaeplastida","Streptophyta","Zygnemophyceae","Zygnemophyceae_X","Zygnemophyceae_XX","Closterium","Closterium_gracile"
"ASV1067","Eukaryota","Stramenopiles","Pseudofungi","Oomycota","Oomycota_X","Peronosporales","Pythium","Pythium_adhaerens"
"ASV1085","Eukaryota","Archaeplastida","Chlorophyta","Chlorophyceae","Chlamydomonadales","Chlamydomonadales_X","Carteria","Genus_Carteria"
"ASV1112","Eukaryota","Stramenopiles","Opalozoa","Bicoecea","Bicoecales","Bicoecaceae","Bicosoeca","Bicosoeca_petiolata"
"ASV1118","Eukaryota","Archaeplastida","Chlorophyta","Chlorophyceae","Chlamydomonadales","Chlamydomonadales_X","Chloromonas","Chloromonas_oogama"
"ASV1136","Eukaryota","Alveolata","Ciliophora","Oligohymenophorea","Peritrichia_2","Sessilida","Vorticella","Vorticella_convallaria"
"ASV1139","Eukaryota","Alveolata","Ciliophora","CONThreeP","CONThreeP_X","CONThreeP_XX","CONThreeP_XXX","CONThreeP_XXX_sp."
"ASV1141","Eukaryota","Opisthokonta","Mesomycetozoa","Ichthyosporea","Ichthyosphonida","Order_Ichthyosphonida","Order_Ichthyosphonida","Order_Ichthyosphonida"
"ASV1179","Eukaryota","Rhizaria","Cercozoa","Filosa-Thecofilosea","Cryomonadida","Cryomonadida_X","Cryomonadida_XX","Cryomonadida_XX_sp."
"ASV1184","Eukaryota","Alveolata","Ciliophora","Phyllopharyngea","Suctoria","Tokophryidae","Tokophrya","Tokophrya_quadripartita"
"ASV1187","Eukaryota","Alveolata","Dinoflagellata","Dinophyceae","Peridiniales","Peridiniaceae","Peridinium","Peridinium_sp."
"ASVf1","Eukaryota","Hacrobia","Cryptophyta","Cryptophyceae","Cryptomonadales","Cryptomonadales_X","Cryptomonas","Cryptomonas_curvata"
"ASVf3","Eukaryota","Hacrobia","Cryptophyta","Cryptophyceae","Pyrenomonadales","Pyrenomonadaceae","Rhodomonas","Rhodomonas_minuta"
"ASVf4","Eukaryota","Alveolata","Ciliophora","Spirotrichea","Hypotrichia","Halteriidae","Halteriidae_X","Halteriidae_X_sp."
"ASVf5","Eukaryota","Archaeplastida","Chlorophyta","Chlorophyceae","Chlamydomonadales","Chlamydomonadales_X","Family_Chlamydomonadales_X","Family_Chlamydomonadales_X"
"ASVf6","Eukaryota","Archaeplastida","Streptophyta","Embryophyceae","Embryophyceae_X","Embryophyceae_XX","Citrullus","Citrullus_lanatus"
"ASVf7","Eukaryota","Alveolata","Dinoflagellata","Dinophyceae","Suessiales","Suessiaceae","Asulcocephalium","Asulcocephalium_miricentonis"
"ASVf10","Eukaryota","Opisthokonta","Metazoa","Arthropoda","Crustacea","Branchiopoda","Bosmina","Bosmina_longirostris"
"ASVf14","Eukaryota","Opisthokonta","Metazoa","Division_Metazoa","Division_Metazoa","Division_Metazoa","Division_Metazoa","Division_Metazoa"
"ASVf15","Eukaryota","Hacrobia","Cryptophyta","Cryptophyceae","Cryptomonadales","Cryptomonadales_X","Cryptomonas","Cryptomonas_sp."
"ASVf17","Eukaryota","Alveolata","Dinoflagellata","Dinophyceae","Gonyaulacales","Ceratiaceae","Ceratium","Ceratium_hirundinella"
"ASVf19","Eukaryota","Rhizaria","Cercozoa","Filosa-Imbricatea","Filosa-Imbricatea_X","Novel-clade-2","Novel-clade-2_X","Novel-clade-2_X_sp."
"ASVf22","Eukaryota","Hacrobia","Cryptophyta","Cryptophyceae","Cryptomonadales","Cryptomonadales_X","Cryptomonas","Cryptomonas_marssonii"
"ASVf23","Eukaryota","Stramenopiles","Ochrophyta","Chrysophyceae","Chrysophyceae_X","Chrysophyceae_Clade-F","Chrysophyceae_Clade-F_X","Chrysophyceae_Clade-F_X_sp."
"ASVf29","Eukaryota","Opisthokonta","Metazoa","Arthropoda","Class_Arthropoda","Class_Arthropoda","Class_Arthropoda","Class_Arthropoda"
"ASVf31","Eukaryota","Opisthokonta","Fungi","Chytridiomycota","Chytridiomycotina","Chytridiomycetes","Rhizophydium","Rhizophydium_chlorogonii"
"ASVf35","Eukaryota","Alveolata","Perkinsea","Perkinsida","Perkinsida_X","Perkinsida_XX","Perkinsida_XXX","Perkinsida_XXX_sp."
"ASVf38","Eukaryota","Hacrobia","Cryptophyta","Cryptophyceae","Cryptomonadales","Cryptomonadales_X","Teleaulax","Teleaulax_acuta"
"ASVf44","Eukaryota","Stramenopiles","Opalozoa","Bicoecea","Pseudodendromonadales","Pseudodendromonadales_X","Pseudodendromonadales_XX","Pseudodendromonadales_XX_sp."
"ASVf45","Eukaryota","Stramenopiles","Ochrophyta","Bacillariophyta","Bacillariophyta_X","Order_Bacillariophyta_X","Order_Bacillariophyta_X","Order_Bacillariophyta_X"
"ASVf46","Eukaryota","Opisthokonta","Metazoa","Arthropoda","Crustacea","Maxillopoda","Eudiaptomus","Eudiaptomus_sp."
"ASVf48","Eukaryota","Rhizaria","Cercozoa","Novel-clade-10-12","Novel-clade-10","Novel-clade-10_X","Novel-clade-10_XX","Novel-clade-10_XX_sp."
"ASVf50","Eukaryota","Archaeplastida","Chlorophyta","Chlorophyceae","Sphaeropleales","Sphaeropleales_X","Ankyra","Ankyra_judayi"
"ASVf53","Eukaryota","Alveolata","Ciliophora","Spirotrichea","Tintinnida","TIN_03","Tintinnopsis_03","Tintinnopsis_03_sp."
"ASVf54","Eukaryota","Stramenopiles","Ochrophyta","Chrysophyceae","Chrysophyceae_X","Chrysophyceae_Clade-B2","Naegeliella","Naegeliella_flagellifera"
"ASVf57","Eukaryota","Stramenopiles","Ochrophyta","Synurophyceae","Synurales","Synurales_X","Synurales_XX","Synurales_XX_sp."
"ASVf58","Eukaryota","Hacrobia","Katablepharidophyta","Katablepharidaceae","Katablepharidales","Katablepharidales_X","Katablepharidales_XX","Katablepharidales_XX_sp."
"ASVf59","Eukaryota","Opisthokonta","Metazoa","Craniata","Craniata_X","Archosauria","Melopsittacus","Melopsittacus_undulatus"
"ASVf65","Eukaryota","Alveolata","Apicomplexa","Colpodellidea","Colpodellida","Chrompodellids_CHR1_XX","Chrompodellids_CHR1_XXX","Chrompodellids_CHR1_XXX_sp."
"ASVf67","Eukaryota","Alveolata","Ciliophora","Spirotrichea","Strombidiida","Pelagostrombidiidae","Limnostrombidium","Limnostrombidium_sp."
"ASVf68","Eukaryota","Stramenopiles","Ochrophyta","Division_Ochrophyta","Division_Ochrophyta","Division_Ochrophyta","Division_Ochrophyta","Division_Ochrophyta"
"ASVf69","Eukaryota","Stramenopiles","Pseudofungi","MAST-2","MAST-2A","MAST-2A_X","MAST-2A_XX","MAST-2A_XX_sp."
"ASVf70","Eukaryota","Alveolata","Ciliophora","Spirotrichea","Choreotrichida","Strobilidiidae_D","Rimostrombidium_D","Rimostrombidium_D_sp."
"ASVf75","Eukaryota","Stramenopiles","Opalozoa","MAST-12","MAST-12C","MAST-12C_X","MAST-12C_XX","MAST-12C_XX_sp."
"ASVf79","Eukaryota","Alveolata","Apicomplexa","Gregarinomorphea","Cryptogregarinorida","Cryptosporidiidae","Cryptosporidium","Cryptosporidium_sp."
"ASVf87","Eukaryota","Hacrobia","Cryptophyta","Cryptophyceae","Cryptomonadales","Cryptomonadales_X","Cryptomonas","Cryptomonas_pyrenoidifera"
"ASVf90","Eukaryota","Stramenopiles","Ochrophyta","Bacillariophyta","Bacillariophyta_X","Raphid-pennate","Achnanthidium","Achnanthidium_minutissimum"
"ASVf95","Eukaryota","Opisthokonta","Metazoa","Craniata","Craniata_X","Craniata_XX","Capra","Capra_hircus"
"ASVf98","Eukaryota","Alveolata","Ciliophora","Spirotrichea","Strombidiida_A","Strombidiida_A_X","Strombidiida_A_XX","Strombidiida_A_XX_sp."
"ASVf101","Eukaryota","Alveolata","Dinoflagellata","Dinophyceae","Prorocentrales","Prorocentraceae","Prorocentrum","Prorocentrum_sp."
"ASVf103","Eukaryota","Alveolata","Ciliophora","Oligohymenophorea","Peritrichia_1","Trichodinidae","Trichodina_1","Trichodina_1_sp."
"ASVf109","Eukaryota","Opisthokonta","Metazoa","Rotifera","Rotifera_X","Rotifera_XX","Filinia","Filinia_longiseta"
"ASVf110","Eukaryota","Archaeplastida","Chlorophyta","Chlorophyceae","Chlamydomonadales","Chlamydomonadales_X","Chlamydomonas","Chlamydomonas_reinhardtii"
"ASVf114","Eukaryota","Stramenopiles","Pseudofungi","Oomycota","Oomycota_X","Order_Oomycota_X","Order_Oomycota_X","Order_Oomycota_X"
"ASVf119","Eukaryota","Opisthokonta","Metazoa","Rotifera","Rotifera_X","Rotifera_XX","Family_Rotifera_XX","Family_Rotifera_XX"
"ASVf120","Eukaryota","Alveolata","Ciliophora","Spirotrichea","Choreotrichida","Strobilidiidae","Strobilidiidae_X","Strobilidiidae_X_sp."
"ASVf122","Eukaryota","Stramenopiles","Ochrophyta","Bacillariophyta","Bacillariophyta_X","Polar-centric-Mediophyceae","Stephanodiscus","Stephanodiscus_minutulus"
"ASVf123","Eukaryota","Stramenopiles","Opalozoa","Bicoecea","Pseudodendromonadales","Pseudodendromonadales_X","Adriamonas","Adriamonas_peritocrescens"
"ASVf126","Eukaryota","Stramenopiles","Pseudofungi","Oomycota","Oomycota_X","Peronosporales","Pythiaceae","Pythiaceae_sp."
"ASVf135","Eukaryota","Stramenopiles","Ochrophyta","Bacillariophyta","Bacillariophyta_X","Polar-centric-Mediophyceae","Thalassiosira","Thalassiosira_pseudonana"
"ASVf137","Eukaryota","Hacrobia","Cryptophyta","Cryptophyceae","Cryptophyceae_X","Basal_Cryptophyceae-1","Basal_Cryptophyceae-1_X","Basal_Cryptophyceae-1_X_sp."
"ASVf139","Eukaryota","Archaeplastida","Chlorophyta","Chlorophyceae","Chlamydomonadales","Chlamydomonadales_X","Chlamydomonas","Chlamydomonas_noctigama"
"ASVf143","Eukaryota","Stramenopiles","Pseudofungi","Oomycota","Oomycota_X","Peronosporales","Peronosporales_X","Peronosporales_X_sp."
"ASVf147","Eukaryota","Alveolata","Dinoflagellata","Dinophyceae","Peridiniales","Thoracosphaeraceae","Naiadinium","Naiadinium_polonicum"
"ASVf160","Eukaryota","Archaeplastida","Chlorophyta","Chlorophyceae","Chlamydomonadales","Chlamydomonadales_X","Chlamydomonadales_XX","Chlamydomonadales_XX_sp."
"ASVf167","Eukaryota","Archaeplastida","Chlorophyta","Trebouxiophyceae","Watanabea-Clade","Watanabea-Clade_X","Diplosphaera","Diplosphaera_sp."
"ASVf169","Eukaryota","Opisthokonta","Fungi","Ascomycota","Saccharomycotina","Saccharomycetales","Saccharomyces","Saccharomyces_cerevisiae"
"ASVf171","Eukaryota","Archaeplastida","Chlorophyta","Trebouxiophyceae","Trebouxiophyceae_X","Trebouxiophyceae_XX","Botryococcus","Botryococcus_braunii"
"ASVf174","Eukaryota","Alveolata","Ciliophora","Oligohymenophorea","Peritrichia_2","Sessilida","Vorticella","Vorticella_microstoma"
"ASVf180","Eukaryota","Archaeplastida","Chlorophyta","Mamiellophyceae","Monomastigales","Monomastigaceae","Monomastigaceae_X","Monomastigaceae_X_sp."
"ASVf186","Eukaryota","Alveolata","Apicomplexa","Colpodellidea","Colpodellida","Alphamonaceae","Alphamonadea_ALPH2","Alphamonadea_ALPH2_sp."
"ASVf190","Eukaryota","Alveolata","Ciliophora","Spirotrichea","Choreotrichida","Strobilidiidae_C","Strobilidiidae_C_X","Strobilidiidae_C_X_sp."
"ASVf191","Eukaryota","Stramenopiles","Ochrophyta","Dictyochophyceae","Dictyochophyceae_X","Pedinellales","Family_Pedinellales","Family_Pedinellales"
"ASVf194","Eukaryota","Rhizaria","Cercozoa","Filosa-Thecofilosea","Cryomonadida","Protaspa-lineage","Protaspa-lineage_X","Protaspa-lineage_X_sp."
"ASVf195","Eukaryota","Alveolata","Dinoflagellata","Dinophyceae","Gonyaulacales","Ceratiaceae","Ceratium","Ceratium_furcoides"
"ASVf200","Eukaryota","Opisthokonta","Metazoa","Arthropoda","Crustacea","Maxillopoda","Cyclopidae","Cyclopidae_sp."
"ASVf203","Eukaryota","Archaeplastida","Streptophyta","Embryophyceae","Embryophyceae_X","Embryophyceae_XX","Brachypodium","Brachypodium_distachyon"
"ASVf215","Eukaryota","Opisthokonta","Fungi","Basidiomycota","Ustilaginomycotina","Exobasidiomycetes","Malassezia","Malassezia_restricta"
"ASVf220","Eukaryota","Stramenopiles","Opalozoa","MAST-12","MAST-12_X","MAST-12_XX","MAST-12_XXX","MAST-12_XXX_sp."
"ASVf239","Eukaryota","Stramenopiles","Pseudofungi","Oomycota","Oomycota_X","Saprolegniales","Saprolegnia","Saprolegnia_parasitica"
"ASVf256","Eukaryota","Alveolata","Dinoflagellata","Dinophyceae","Peridiniales","Thoracosphaeraceae","Thoracosphaeraceae_X","Thoracosphaeraceae_X_sp."
"ASVf258","Eukaryota","Stramenopiles","Ochrophyta","Chrysophyceae","Chrysophyceae_X","Chrysophyceae_Clade-H","Chrysophyceae_Clade-H_X","Chrysophyceae_Clade-H_X_sp."
"ASVf284","Eukaryota","Alveolata","Ciliophora","CONThreeP","CONThreeP_X","CONThreeP_XX","Askenasia","Askenasia_sp."
"ASVf288","Eukaryota","Opisthokonta","Fungi","Chytridiomycota","Chytridiomycotina","Chytridiomycetes","Family_Chytridiomycetes","Family_Chytridiomycetes"
"ASVf292","Eukaryota","Stramenopiles","Ochrophyta","Chrysophyceae","Chrysophyceae_X","Chrysophyceae_Clade-B2","Chrysosphaerella","Genus_Chrysosphaerella"
"ASVf304","Eukaryota","Rhizaria","Cercozoa","Endomyxa","Vampyrellida","Vampyrellidae","Vampyrella","Vampyrella_pendula"
"ASVf310","Eukaryota","Opisthokonta","Fungi","Ascomycota","Saccharomycotina","Saccharomycetales","Candida","Candida_wounanorum"
"ASVf312","Eukaryota","Stramenopiles","Sagenista","Labyrinthulomycetes","Thraustochytriales","Thraustochytriaceae","Thraustochytriaceae_X","Thraustochytriaceae_X_sp."
"ASVf319","Eukaryota","Stramenopiles","Ochrophyta","Chrysophyceae","Chrysophyceae_X","Chrysophyceae_Clade-C","Chromulinospumella","Chromulinospumella_sphaerica"
"ASVf322","Eukaryota","Stramenopiles","Ochrophyta","Chrysophyceae","Chrysophyceae_X","Chrysophyceae_Clade-E","Chrysophyceae_Clade-E_X","Chrysophyceae_Clade-E_X_sp."
"ASVf330","Eukaryota","Opisthokonta","Fungi","Blastocladiomycota","Blastocladiomycotina","Blastocladiomycetes","Catenaria","Catenaria_anguillulae"
"ASVf333","Eukaryota","Archaeplastida","Streptophyta","Embryophyceae","Embryophyceae_X","Embryophyceae_XX","Camellia","Camellia_sinensis"
"ASVf339","Eukaryota","Opisthokonta","Fungi","Basidiomycota","Agaricomycotina","Tremellomycetes","Cryptococcus","Cryptococcus_carnescens"
"ASVf340","Eukaryota","Opisthokonta","Fungi","Chytridiomycota","Chytridiomycotina","Chytridiomycetes","Rhizidium","Rhizidium_sp."
"ASVf342","Eukaryota","Alveolata","Ciliophora","CONTH_4","CONTH_4_X","CONTH_4_XX","CONTH_4_XXX","CONTH_4_XXX_sp."
"ASVf343","Eukaryota","Opisthokonta","Metazoa","Rotifera","Rotifera_X","Rotifera_XX","Keratella","Keratella_quadrata"
"ASVf361","Eukaryota","Stramenopiles","Ochrophyta","Chrysophyceae","Chrysophyceae_X","Chrysophyceae_Clade-F","Paraphysomonas","Paraphysomonas_sp."
"ASVf371","Eukaryota","Archaeplastida","Streptophyta","Embryophyceae","Embryophyceae_X","Embryophyceae_XX","Persea","Persea_americana"
"ASVf397","Eukaryota","Archaeplastida","Chlorophyta","Mamiellophyceae","Dolichomastigales","Crustomastigaceae","Crustomastigaceae-AB","Crustomastigaceae-AB_sp."
"ASVf406","Eukaryota","Opisthokonta","Fungi","Chytridiomycota","Chytridiomycotina","Chytridiomycetes","Rhyzophidiales_X","Rhyzophidiales_X_sp."
"ASVf407","Eukaryota","Opisthokonta","Metazoa","Rotifera","Rotifera_X","Rotifera_XX","Testudinella","Genus_Testudinella"
"ASVf410","Eukaryota","Rhizaria","Foraminifera","Division_Foraminifera","Division_Foraminifera","Division_Foraminifera","Division_Foraminifera","Division_Foraminifera"
"ASVf417","Eukaryota","Stramenopiles","Ochrophyta","Dictyochophyceae","Dictyochophyceae_X","Pedinellales","Pedinellales_X","Pedinellales_X_sp."
"ASVf425","Eukaryota","Opisthokonta","Fungi","Entomophthoromycota","Entomophthoromycotina","Entomophthorales","Basidiobolus","Basidiobolus_sp."
"ASVf432","Eukaryota","Rhizaria","Cercozoa","Filosa-Sarcomonadea","Pansomonadida","Agitatidae","Agitatidae_X","Agitatidae_X_sp."
"ASVf469","Eukaryota","Alveolata","Ciliophora","Spirotrichea","Tintinnida","Tintinnidiidae","Tintinnidium","Tintinnidium_fluviatile"
"ASVf505","Eukaryota","Archaeplastida","Chlorophyta","Trebouxiophyceae","Trebouxiophyceae_X","Trebouxiophyceae_XX","Botryococcus","Botryococcus_terribilis"
"ASVf516","Eukaryota","Alveolata","Ciliophora","Litostomatea","Litostomatea_X","Litostomatea_XX","Litostomatea_XXX","Litostomatea_XXX_sp."
"ASVf517","Eukaryota","Stramenopiles","Ochrophyta","Chrysophyceae","Chrysophyceae_X","Chrysophyceae_Clade-B2","Family_Chrysophyceae_Clade-B2","Family_Chrysophyceae_Clade-B2"
"ASVf534","Eukaryota","Opisthokonta","Metazoa","Rotifera","Rotifera_X","Rotifera_XX","Synchaeta","Synchaeta_tremula/oblonga"
"ASVf540","Eukaryota","Opisthokonta","Fungi","Ascomycota","Pezizomycotina","Dothideomycetes","Cladosporium","Cladosporium_sp."
"ASVf554","Eukaryota","Stramenopiles","Ochrophyta","Synurophyceae","Synurales","Synurales_X","Family_Synurales_X","Family_Synurales_X"
"ASVf556","Eukaryota","Opisthokonta","Metazoa","Arthropoda","Crustacea","Maxillopoda","Family_Maxillopoda","Family_Maxillopoda"
"ASVf557","Eukaryota","Archaeplastida","Chlorophyta","Ulvophyceae","Ulotrichales","Ulotrichales_X","Trichosarcina","Trichosarcina_mucosa"
"ASVf561","Eukaryota","Excavata","Discoba","Euglenozoa","Class_Euglenozoa","Class_Euglenozoa","Class_Euglenozoa","Class_Euglenozoa"
"ASVf599","Eukaryota","Opisthokonta","Fungi","Division_Fungi","Division_Fungi","Division_Fungi","Division_Fungi","Division_Fungi"
"ASVf613","Eukaryota","Hacrobia","Centroheliozoa","Centroheliozoa_X","Centroheliozoa_XX","Centroheliozoa_XXX","Centroheliozoa_XXXX","Centroheliozoa_XXXX_sp."
"ASVf620","Eukaryota","Stramenopiles","Sagenista","Labyrinthulomycetes","Thraustochytriales","Thraustochytriaceae","Amphifilidae","Amphifilidae_sp."
"ASVf629","Eukaryota","Alveolata","Ciliophora","CONThreeP","CONThreeP_X","Urotrichidae","Urotricha","Urotricha_sp."
"ASVf630","Eukaryota","Archaeplastida","Chlorophyta","Trebouxiophyceae","Microthamniales","Microthamniales_X","Trebouxia","Trebouxia_sp."
"ASVf660","Eukaryota","Stramenopiles","Ochrophyta","Synurophyceae","Synurales","Synurales_X","Mallomonas","Mallomonas_tonsurata"
"ASVf677","Eukaryota","Stramenopiles","Ochrophyta","Chrysophyceae","Chrysophyceae_X","Order_Chrysophyceae_X","Order_Chrysophyceae_X","Order_Chrysophyceae_X"
"ASVf680","Eukaryota","Archaeplastida","Chlorophyta","Chlorophyceae","Sphaeropleales","Sphaeropleales_X","Pseudopediastrum","Pseudopediastrum_boryanum"
"ASVf697","Eukaryota","Alveolata","Dinoflagellata","Dinophyceae","Suessiales","Borghiellaceae","Borghiella","Borghiella_tenuissima"
"ASVf698","Eukaryota","Opisthokonta","Fungi","Fungi_X","Fungi_XX","Fungi_XXX","Fungi_XXXX","Fungi_XXXX_sp."
"ASVf702","Eukaryota","Alveolata","Dinoflagellata","Dinophyceae","Class_Dinophyceae","Class_Dinophyceae","Class_Dinophyceae","Class_Dinophyceae"
"ASVf735","Eukaryota","Hacrobia","Haptophyta","Prymnesiophyceae","Prymnesiales","Chrysochromulinaceae","Chrysochromulina","Chrysochromulina_parva"
"ASVf784","Eukaryota","Stramenopiles","Ochrophyta","Chrysophyceae","Chrysophyceae_X","Chrysophyceae_Clade-C","Epipyxis","Epipyxis_pulchra"
"ASVf785","Eukaryota","Stramenopiles","Pseudofungi","Oomycota","Oomycota_X","Peronosporales","Pythium","Genus_Pythium"
"ASVf836","Eukaryota","Opisthokonta","Metazoa","Rotifera","Rotifera_X","Rotifera_XX","Conochilus","Conochilus_hippocrepis"
"ASVf842","Eukaryota","Archaeplastida","Streptophyta","Klebsormidiophyceae","Klebsormidiophyceae_X","Klebsormidiophyceae_XX","Klebsormidium","Klebsormidium_nitens"
"ASVf879","Eukaryota","Stramenopiles","Pseudofungi","Oomycota","Oomycota_X","Saprolegniales","Aphanomyces","Aphanomyces_sp."
"ASVf923","Eukaryota","Stramenopiles","Ochrophyta","MOCH-3","MOCH-3_X","MOCH-3_XX","MOCH-3_XXX","MOCH-3_XXX_sp."
"ASVf929","Eukaryota","Opisthokonta","Metazoa","Craniata","Craniata_X","Mammalia","Homo","Homo_sapiens"
"ASVf930","Eukaryota","Opisthokonta","Metazoa","Arthropoda","Hexapoda","Insecta","Family_Insecta","Family_Insecta"
"ASVf940","Eukaryota","Stramenopiles","Sagenista","MAST-6","MAST-6_X","MAST-6_XX","MAST-6_XXX","MAST-6_XXX_sp."
"ASVf944","Eukaryota","Stramenopiles","Ochrophyta","Chrysophyceae","Chrysophyceae_X","Chrysophyceae_Clade-G","Chrysophyceae_Clade-G_X","Chrysophyceae_Clade-G_X_sp."
"ASVf970","Eukaryota","Opisthokonta","Fungi","Chytridiomycota","Chytridiomycotina","Chytridiomycetes","Rhizophydium","Rhizophydium_sp."
"ASVf1010","Eukaryota","Alveolata","Ciliophora","Prostomatea_1","Prostomatea_1_X","Colepidae","Coleps","Coleps_hirtus"
"ASVf1011","Eukaryota","Archaeplastida","Chlorophyta","Chlorophyceae","Chlamydomonadales","Chlamydomonadales_X","Volvox","Volvox_globator"
"ASVf1017","Eukaryota","Opisthokonta","Metazoa","Mollusca","Bivalvia","Heteroconchia","Dreissena","Dreissena_rostriformis"
"ASVf1091","Eukaryota","Hacrobia","Cryptophyta","Cryptophyceae","Cryptomonadales","Cryptomonadales_X","Cryptomonas","Genus_Cryptomonas"
"ASVf1102","Eukaryota","Amoebozoa","Conosa","Variosea","Variosea_X","Mb5C-lineage","Mb5C-lineage_X","Mb5C-lineage_X_sp."
"ASVf1112","Eukaryota","Stramenopiles","Ochrophyta","Bacillariophyta","Bacillariophyta_X","Radial-centric-basal-Coscinodiscophyceae","Aulacoseira","Aulacoseira_granulata"
"ASVf1161","Eukaryota","Alveolata","Ciliophora","Spirotrichea","Hypotrichia","Order_Hypotrichia","Order_Hypotrichia","Order_Hypotrichia"
"ASVf1209","Eukaryota","Stramenopiles","Opalozoa","MAST-12","MAST-12A","MAST-12A_X","MAST-12A_XX","MAST-12A_XX_sp."
"ASVf1270","Eukaryota","Opisthokonta","Metazoa","Rotifera","Rotifera_X","Rotifera_XX","Ascomorpha","Ascomorpha_ovalis"
"ASVf1470","Eukaryota","Archaeplastida","Streptophyta","Zygnemophyceae","Zygnemophyceae_X","Zygnemophyceae_XX","Closterium","Genus_Closterium"
"ASVf1496","Eukaryota","Archaeplastida","Streptophyta","Embryophyceae","Embryophyceae_X","Embryophyceae_XX","Prunus","Prunus_persica"
