"","Kingdom","Supergroup","Division","Class","Order","Family","Genus","Species"
"ASV31","Eukaryota","Hacrobia","Cryptophyta","Cryptophyceae","Cryptomonadales","Cryptomonadales_X","Plagioselmis","Plagioselmis_prolonga"
"ASV33","Eukaryota","Archaeplastida","Chlorophyta","Chlorophyceae","Chlamydomonadales","Chlamydomonadales_X","Cephalomonas","Cephalomonas_granulata"
"ASV59","Eukaryota","Hacrobia","Cryptophyta","Cryptophyceae","Cryptomonadales","Cryptomonadales_X","Plagioselmis","Genus_Plagioselmis"
"ASV152","Eukaryota","Alveolata","Ciliophora","Colpodea","Colpodea_X","Cyrtolophosidida","Cyrtolophosis","Cyrtolophosis_mucicola"
"ASV157","Eukaryota","Opisthokonta","Metazoa","Rotifera","Rotifera_X","Rotifera_XX","Brachionus","Brachionus_calyciflorus"
"ASV164","Eukaryota","Opisthokonta","Fungi","Chytridiomycota","Chytridiomycotina","Chytridiomycetes","Spizellomycetales-and-Rhizophlyctidales","Spizellomycetales-and-Rhizophlyctidales_sp."
"ASV188","Eukaryota","Alveolata","Ciliophora","Colpodea","Colpodea_X","Cyrtolophosidida","Cyrtolophosis","Genus_Cyrtolophosis"
"ASV241","Eukaryota","Archaeplastida","Streptophyta","Zygnemophyceae","Zygnemophyceae_X","Zygnemophyceae_XX","Cylindrocystis","Genus_Cylindrocystis"
"ASV242","Eukaryota","Alveolata","Ciliophora","Spirotrichea","Hypotrichia","Hypotrichia_X","Hypotrichia_XX","Hypotrichia_XX_sp."
"ASV313","Eukaryota","Stramenopiles","Ochrophyta","Chrysophyceae","Chrysophyceae_X","Chrysophyceae_Clade-F","Paraphysomonas","Paraphysomonas_bandaiensis"
"ASV444","Eukaryota","Opisthokonta","Fungi","Chytridiomycota","Chytridiomycotina","Chytridiomycetes","Chytriomyces","Chytriomyces_sp."
"ASV447","Eukaryota","Rhizaria","Cercozoa","Filosa-Sarcomonadea","Glissomonadida","Order_Glissomonadida","Order_Glissomonadida","Order_Glissomonadida"
"ASV460","Eukaryota","Opisthokonta","Metazoa","Arthropoda","Crustacea","Maxillopoda","Family_Maxillopoda","Family_Maxillopoda"
"ASV477","Eukaryota","Rhizaria","Cercozoa","Filosa-Sarcomonadea","Class_Filosa-Sarcomonadea","Class_Filosa-Sarcomonadea","Class_Filosa-Sarcomonadea","Class_Filosa-Sarcomonadea"
"ASV515","Eukaryota","Stramenopiles","Ochrophyta","Chrysophyceae","Chrysophyceae_X","Chrysophyceae_Clade-F","Paraphysomonas","Genus_Paraphysomonas"
"ASV527","Eukaryota","Stramenopiles","Ochrophyta","Chrysophyceae","Chrysophyceae_X","Chrysophyceae_Clade-F","Family_Chrysophyceae_Clade-F","Family_Chrysophyceae_Clade-F"
"ASV589","Eukaryota","Archaeplastida","Chlorophyta","Trebouxiophyceae","Chlorellales","Chlorellales_X","Family_Chlorellales_X","Family_Chlorellales_X"
"ASV743","Eukaryota","Rhizaria","Cercozoa","Filosa-Sarcomonadea","Pansomonadida","Agitatidae","Agitata","Agitata_tremulans"
"ASV814","Eukaryota","Alveolata","Ciliophora","CONThreeP","CONThreeP_X","CONThreeP_XX","CONThreeP_XXX","CONThreeP_XXX_sp."
"ASV869","Eukaryota","Opisthokonta","Choanoflagellida","Choanoflagellatea","Craspedida","Order_Craspedida","Order_Craspedida","Order_Craspedida"
"ASV885","Eukaryota","Archaeplastida","Chlorophyta","Chlorophyceae","Chlamydomonadales","Chlamydomonadales_X","Asterococcus","Genus_Asterococcus"
"ASV888","Eukaryota","Opisthokonta","Fungi","Chytridiomycota","Chytridiomycotina","Chytridiomycetes","LKM11-Rozella","LKM11-Rozella_sp."
"ASV973","Eukaryota","Archaeplastida","Chlorophyta","Chlorophyceae","Sphaeropleales","Sphaeropleales_X","Mychonastes","Mychonastes_pushpae"
"ASV1041","Eukaryota","Alveolata","Ciliophora","Litostomatea","Haptoria_5","Pleurostomatida","Family_Pleurostomatida","Family_Pleurostomatida"
"ASV1069","Eukaryota","Alveolata","Ciliophora","Oligohymenophorea","Scuticociliatia_2","Scuticociliatia_2_X","Family_Scuticociliatia_2_X","Family_Scuticociliatia_2_X"
"ASV1282","Eukaryota","Hacrobia","Cryptophyta","Cryptophyceae","Cryptomonadales","Cryptomonadales_X","Cryptomonas","Genus_Cryptomonas"
"ASV1363","Eukaryota","Alveolata","Ciliophora","CONThreeP","CONThreeP_X","Order_CONThreeP_X","Order_CONThreeP_X","Order_CONThreeP_X"
"ASV1492","Eukaryota","Opisthokonta","Metazoa","Rotifera","Rotifera_X","Rotifera_XX","Notholca","Notholca_acuminata"
"ASV1548","Eukaryota","Archaeplastida","Chlorophyta","Chlorophyceae","Chaetophorales","Chaetophorales_X","Stigeoclonium","Stigeoclonium_sp."
"ASV1838","Eukaryota","Archaeplastida","Chlorophyta","Chlorophyceae","Chlamydomonadales","Chlamydomonadales_X","Chlamydomonas","Chlamydomonas_globosa"
"ASV1975","Eukaryota","Archaeplastida","Streptophyta","Zygnemophyceae","Zygnemophyceae_X","Zygnemophyceae_XX","Spirotaenia","Spirotaenia_condensata"
"ASV2028","Eukaryota","Alveolata","Ciliophora","Division_Ciliophora","Division_Ciliophora","Division_Ciliophora","Division_Ciliophora","Division_Ciliophora"
"ASV2036","Eukaryota","Opisthokonta","Fungi","Chytridiomycota","Chytridiomycotina","Chytridiomycetes","Nephrochytrium","Nephrochytrium_sp."
"ASV2128","Eukaryota","Alveolata","Ciliophora","Phyllopharyngea","Class_Phyllopharyngea","Class_Phyllopharyngea","Class_Phyllopharyngea","Class_Phyllopharyngea"
"ASV2207","Eukaryota","Archaeplastida","Chlorophyta","Chlorophyceae","Chlamydomonadales","Chlamydomonadales_X","Chlamydomonas","Chlamydomonas_acidophila"
"ASV2210","Eukaryota","Opisthokonta","Metazoa","Nematoda","Chromadorea","Chromadorea_X","Monhystera","Monhystera_paludicola"
"ASV2351","Eukaryota","Amoebozoa","Lobosa","Tubulinea","Arcellinida","Arcellinida_X","Cryptodifflugia","Genus_Cryptodifflugia"
"ASV2368","Eukaryota","Rhizaria","Cercozoa","Novel-clade-10-12","Class_Novel-clade-10-12","Class_Novel-clade-10-12","Class_Novel-clade-10-12","Class_Novel-clade-10-12"
"ASV2380","Eukaryota","Alveolata","Ciliophora","Oligohymenophorea","Scuticociliatia_2","Scuticociliatia_2_X","Boveria","Boveria_subcylindrica"
"ASV2383","Eukaryota","Stramenopiles","Ochrophyta","Bacillariophyta","Bacillariophyta_X","Polar-centric-Mediophyceae","Stephanodiscus","Stephanodiscus_sp."
"ASV2417","Eukaryota","Stramenopiles","Ochrophyta","Chrysophyceae","Chrysophyceae_X","Chrysophyceae_Clade-C","Uroglena","Uroglena_sp."
"ASV2426","Eukaryota","Alveolata","Perkinsea","Perkinsida","Perkinsida_X","Perkinsida_XX","Perkinsus","Genus_Perkinsus"
"ASV2436","Eukaryota","Archaeplastida","Streptophyta","Coleochaetophyceae","Coleochaetophyceae_X","Coleochaetophyceae_XX","Coleochaete","Coleochaete_scutata"
"ASV2477","Eukaryota","Stramenopiles","Ochrophyta","Chrysophyceae","Chrysophyceae_X","Chrysophyceae_Clade-C","Epipyxis","Genus_Epipyxis"
"ASV2517","Eukaryota","Opisthokonta","Metazoa","Arthropoda","Crustacea","Maxillopoda","Cyclops","Genus_Cyclops"
"ASV2623","Eukaryota","Opisthokonta","Metazoa","Cnidaria","Cnidaria_X","Order_Cnidaria_X","Order_Cnidaria_X","Order_Cnidaria_X"
"ASV2633","Eukaryota","Amoebozoa","Lobosa","Tubulinea","Echinamoebida","Vermamoebidae","Hartmannella","Hartmannella_vermiformis"
"ASV2666","Eukaryota","Opisthokonta","Metazoa","Arthropoda","Crustacea","Maxillopoda","Cyclops","Cyclops_sp."
"ASV2759","Eukaryota","Archaeplastida","Streptophyta","Coleochaetophyceae","Coleochaetophyceae_X","Coleochaetophyceae_XX","Coleochaete","Coleochaete_sp."
"ASV2774","Eukaryota","Alveolata","Apicomplexa","Gregarinomorphea","Neogregarinorida","Actinocephalidae","Mattesia","Mattesia_sp."
"ASV2835","Eukaryota","Archaeplastida","Chlorophyta","Trebouxiophyceae","Trebouxiophyceae_X","Trebouxiophyceae_XX","Choricystis","Choricystis_minor"
"ASV2883","Eukaryota","Opisthokonta","Mesomycetozoa","Ichthyosporea","Ichthyosphonida","Pseudoperkinsidae","Family_Pseudoperkinsidae","Family_Pseudoperkinsidae"
"ASV2898","Eukaryota","Opisthokonta","Fungi","Cryptomycota","Cryptomycotina","Cryptomycotina_X","Family_Cryptomycotina_X","Family_Cryptomycotina_X"
"ASV2921","Eukaryota","Stramenopiles","Ochrophyta","Chrysophyceae","Chrysophyceae_X","Chrysophyceae_Clade-D","Family_Chrysophyceae_Clade-D","Family_Chrysophyceae_Clade-D"
"ASV3033","Eukaryota","Amoebozoa","Lobosa","Tubulinea","Euamoebida","Amoebidae","Family_Amoebidae","Family_Amoebidae"
"ASV3156","Eukaryota","Rhizaria","Cercozoa","Filosa-Sarcomonadea","Cercomonadida","Cercomonadidae","Family_Cercomonadidae","Family_Cercomonadidae"
"ASV3218","Eukaryota","Alveolata","Dinoflagellata","Dinophyceae","Suessiales","Borghiellaceae","Family_Borghiellaceae","Family_Borghiellaceae"
"ASV3280","Eukaryota","Rhizaria","Cercozoa","Novel-clade-10-12","Tremulida","Tremulidae","Tremula","Tremula_sp."
"ASV3352","Eukaryota","Amoebozoa","Lobosa","Tubulinea","Euamoebida","Hartmannellidae","Hartmannellidae_X","Hartmannellidae_X_sp."
"ASV3367","Eukaryota","Alveolata","Ciliophora","Phyllopharyngea","Cyrtophoria_4","Chilodonellidae","Chilodonella","Chilodonella_uncinata"
"ASV3389","Eukaryota","Opisthokonta","Fungi","Chytridiomycota","Chytridiomycotina","Chytridiomycetes","Rhizidium","Genus_Rhizidium"
"ASV3398","Eukaryota","Opisthokonta","Fungi","Chytridiomycota","Chytridiomycotina","Chytridiomycetes","Clydaea","Clydaea_vesicula"
"ASV3460","Eukaryota","Archaeplastida","Chlorophyta","Chlorophyceae","Sphaeropleales","Sphaeropleales_X","Desmodesmus","Genus_Desmodesmus"
"ASV3500","Eukaryota","Stramenopiles","Ochrophyta","Bacillariophyta","Bacillariophyta_X","Araphid-pennate","Diatoma","Diatoma_tenuis"
"ASV3556","Eukaryota","Hacrobia","Cryptophyta","Cryptophyceae","Cryptomonadales","Cryptomonadales_X","Family_Cryptomonadales_X","Family_Cryptomonadales_X"
"ASV3686","Eukaryota","Alveolata","Ciliophora","Heterotrichea","Heterotrichea_X","Stentoridae","Stentor","Stentor_sp."
"ASV3695","Eukaryota","Archaeplastida","Chlorophyta","Division_Chlorophyta","Division_Chlorophyta","Division_Chlorophyta","Division_Chlorophyta","Division_Chlorophyta"
"ASV3770","Eukaryota","Opisthokonta","Fungi","Ascomycota","Pezizomycotina","Dothideomycetes","Cochliobolus","Cochliobolus_lunatus"
"ASV3781","Eukaryota","Alveolata","Ciliophora","Oligohymenophorea","Peritrichia_2","Sessilida","Family_Sessilida","Family_Sessilida"
"ASV3872","Eukaryota","Rhizaria","Cercozoa","Filosa-Sarcomonadea","Glissomonadida","Bodomorphidae","Bodomorpha","Bodomorpha_sp."
"ASV3903","Eukaryota","Opisthokonta","Fungi","Ascomycota","Pezizomycotina","Dothideomycetes","Cladosporium","Cladosporium_sp."
"ASV4000","Eukaryota","Opisthokonta","Fungi","Chytridiomycota","Chytridiomycotina","Chytridiomycetes","Chytridium","Chytridium_polysiphoniae"
"ASV4029","Eukaryota","Stramenopiles","Sagenista","MAST-6","MAST-6_X","MAST-6_XX","MAST-6_XXX","MAST-6_XXX_sp."
"ASV4032","Eukaryota","Rhizaria","Cercozoa","Endomyxa","Vampyrellida","Penardia-lineage","Family_Penardia-lineage","Family_Penardia-lineage"
"ASV4059","Eukaryota","Rhizaria","Cercozoa","Endomyxa","Vampyrellida","Leptophryidae","Theratromyxa","Theratromyxa_weberi"
"ASV4104","Eukaryota","Stramenopiles","Opalozoa","Bicoecea","Pseudodendromonadales","Pseudodendromonadales_X","Siluania","Siluania_monomastiga"
"ASV4115","Eukaryota","Rhizaria","Cercozoa","Filosa-Thecofilosea","Tectofilosida","Pseudodifflugiidae","Pseudodifflugiidae_X","Pseudodifflugiidae_X_sp."
"ASV4139","Eukaryota","Excavata","Discoba","Division_Discoba","Division_Discoba","Division_Discoba","Division_Discoba","Division_Discoba"
"ASV4157","Eukaryota","Hacrobia","Cryptophyta","Cryptophyceae","Cryptomonadales","Cryptomonadales_X","Cryptomonas","Cryptomonas_parapyrenoidifera"
"ASV4273","Eukaryota","Opisthokonta","Fungi","Chytridiomycota","Chytridiomycotina","Chytridiomycetes","Alphamyces","Alphamyces_chaetifer"
"ASV4274","Eukaryota","Alveolata","Ciliophora","Phyllopharyngea","Cyrtophoria_8","Dysteriidae","Trochilia","Trochilia_sp."
"ASV4319","Eukaryota","Stramenopiles","Pseudofungi","Oomycota","Oomycota_X","Peronosporales","Lagenidium","Lagenidium_caudatum"
"ASV4332","Eukaryota","Rhizaria","Cercozoa","Endomyxa","Vampyrellida","Penardia-lineage","Penardia-lineage_X","Penardia-lineage_X_sp."
"ASV4373","Eukaryota","Amoebozoa","Conosa","Variosea","Variosea_X","Schizoplasmodiids","Family_Schizoplasmodiids","Family_Schizoplasmodiids"
"ASV4408","Eukaryota","Archaeplastida","Streptophyta","Zygnemophyceae","Zygnemophyceae_X","Zygnemophyceae_XX","Cosmarium","Cosmarium_obtusatum"
"ASV4475","Eukaryota","Opisthokonta","Metazoa","Arthropoda","Hexapoda","Insecta","Family_Insecta","Family_Insecta"
"ASV4530","Eukaryota","Alveolata","Ciliophora","Spirotrichea","Euplotia","Aspidiscidae","Aspidisca","Genus_Aspidisca"
"ASV4532","Eukaryota","Alveolata","Ciliophora","Phyllopharyngea","Suctoria","Suctoria_X","Suctoria_XX","Suctoria_XX_sp."
"ASV4546","Eukaryota","Hacrobia","Katablepharidophyta","Katablepharidaceae","Katablepharidales","Katablepharidales_X","Kathablepharis","Katablepharis_remigera"
"ASV4561","Eukaryota","Stramenopiles","Ochrophyta","Bacillariophyta","Bacillariophyta_X","Araphid-pennate","Diatoma","Genus_Diatoma"
"ASV4566","Eukaryota","Stramenopiles","Ochrophyta","Bacillariophyta","Bacillariophyta_X","Araphid-pennate","Fragilaria","Fragilaria_crotonensis"
"ASV4593","Eukaryota","Alveolata","Ciliophora","Oligohymenophorea","Peritrichia_2","Sessilida","Opisthonecta","Opisthonecta_henneguyi"
"ASV4621","Eukaryota","Stramenopiles","Opalozoa","MAST-12","MAST-12_X","MAST-12_XX","MAST-12_XXX","MAST-12_XXX_sp."
"ASV4637","Eukaryota","Alveolata","Ciliophora","Oligohymenophorea","Peniculia","Frontoniidae_1","Frontoniidae_1_X","Frontoniidae_1_X_sp."
"ASV4686","Eukaryota","Rhizaria","Foraminifera","Monothalamids","Monothalamids_Clade-Y","Reticulomyxidae","Haplomyxa","Haplomyxa_saranae"
"ASV4757","Eukaryota","Stramenopiles","Ochrophyta","Bacillariophyta","Bacillariophyta_X","Raphid-pennate","Pseudo-nitzschia","Genus_Pseudo-nitzschia"
"ASV4760","Eukaryota","Rhizaria","Cercozoa","Filosa-Thecofilosea","Cryomonadida","Rhogostoma-lineage","Family_Rhogostoma-lineage","Family_Rhogostoma-lineage"
"ASV4887","Eukaryota","Stramenopiles","Opalozoa","Bicoecea","Class_Bicoecea","Class_Bicoecea","Class_Bicoecea","Class_Bicoecea"
"ASV4889","Eukaryota","Rhizaria","Cercozoa","Filosa-Sarcomonadea","Cercomonadida","Paracercomonadidae","Paracercomonas","Paracercomonas_oxoniensis"
"ASV4892","Eukaryota","Stramenopiles","Opalozoa","Bicoecea","Pseudodendromonadales","Pseudodendromonadales_X","Pseudodendromonadales_XX","Pseudodendromonadales_XX_sp."
"ASV4894","Eukaryota","Opisthokonta","Fungi","Ascomycota","Pezizomycotina","Dothideomycetes","Alternaria","Genus_Alternaria"
"ASV4900","Eukaryota","Opisthokonta","Fungi","Ascomycota","Pezizomycotina","Dothideomycetes","Davidiella","Davidiella_macrospora"
"ASV4999","Eukaryota","Rhizaria","Cercozoa","Filosa-Granofilosea","Desmothoracida","Desmothoracida_X","Desmothoracida_XX","Desmothoracida_XX_sp."
"ASV5023","Eukaryota","Opisthokonta","Metazoa","Rotifera","Rotifera_X","Rotifera_XX","Rotifera_XXX","Rotifera_XXX_sp."
"ASV5059","Eukaryota","Alveolata","Ciliophora","Phyllopharyngea","Cyrtophoria_2","Lynchellidae_1","Chlamydonella","Chlamydonella_irregularis"
"ASV5066","Eukaryota","Archaeplastida","Streptophyta","Zygnemophyceae","Zygnemophyceae_X","Zygnematales","Mesotaenium","Genus_Mesotaenium"
"ASV5071","Eukaryota","Opisthokonta","Fungi","Ascomycota","Pezizomycotina","Leotiomycetes","Botryotinia","Botryotinia_fuckeliana"
"ASV5154","Eukaryota","Archaeplastida","Chlorophyta","Chlorophyceae","Chlamydomonadales","Chlamydomonadales_X","Carteria","Carteria_lunzensis"
"ASV5165","Eukaryota","Apusozoa","Hilomonadea","Planomonadida","Planomonadidae","Planomonadidae_Group-1","Ancyromonas","Ancyromonas_limna"
"ASV5259","Eukaryota","Rhizaria","Cercozoa","Filosa-Granofilosea","Filosa-Granofilosea_X","Novel-Gran-5","Novel-Gran-5_X","Novel-Gran-5_X_sp."
"ASV5277","Eukaryota","Amoebozoa","Lobosa","Tubulinea","Euamoebida","Amoebidae","Chaos","Genus_Chaos"
"ASV5288","Eukaryota","Stramenopiles","Ochrophyta","Bacillariophyta","Bacillariophyta_X","Polar-centric-Mediophyceae","Cerataulina","Cerataulina_pelagica"
"ASV5317","Eukaryota","Alveolata","Ciliophora","Spirotrichea","Hypotrichia","Hypotrichia_X","Bergeriella","Bergeriella_ovata"
"ASV5400","Eukaryota","Archaeplastida","Chlorophyta","Chlorophyceae","Sphaeropleales","Sphaeropleales_X","Desmodesmus","Desmodesmus_sp."
"ASV5413","Eukaryota","Archaeplastida","Streptophyta","Zygnemophyceae","Zygnemophyceae_X","Zygnemophyceae_XX","Cosmarium","Cosmarium_protractum"
"ASV5460","Eukaryota","Amoebozoa","Lobosa","Tubulinea","Euamoebida","Order_Euamoebida","Order_Euamoebida","Order_Euamoebida"
"ASV5484","Eukaryota","Alveolata","Perkinsea","Perkinsea_X","Perkinsea_XX","Perkinsea_XXX","Perkinsea_XXXX","Perkinsea_XXXX_sp."
"ASV5495","Eukaryota","Alveolata","Ciliophora","Oligohymenophorea","Scuticociliatia_2","Pleuronematida","Cyclidium_2","Cyclidium_plouneouri"
"ASV5515","Eukaryota","Alveolata","Dinoflagellata","Dinophyceae","Gonyaulacales","Ceratiaceae","Tripos","Tripos_fusus"
"ASV5527","Eukaryota","Stramenopiles","Pseudofungi","Oomycota","Oomycota_X","Peronosporales","Pythium","Pythium_sp."
"ASV5530","Eukaryota","Rhizaria","Cercozoa","Filosa","Filosa_X","Filosa_XX","Filosa_XXX","Filosa_XXX_sp."
"ASV5551","Eukaryota","Amoebozoa","Lobosa","Tubulinea","Euamoebida","Hartmannellidae","Glaeseria","Glaeseria_mira"
"ASV5559","Eukaryota","Alveolata","Ciliophora","Litostomatea","Litostomatea_X","Litostomatea_XX","Pseudoholophrya","Pseudoholophrya_sp."
"ASV5577","Eukaryota","Opisthokonta","Fungi","Kickxellomycota","Kickxellomycotina","Harpellales","Smittium","Smittium_tronadorium"
"ASV5585","Eukaryota","Opisthokonta","Fungi","Fungi_X","Fungi_XX","Fungi_XXX","Family_Fungi_XXX","Family_Fungi_XXX"
"ASV5586","Eukaryota","Alveolata","Ciliophora","Colpodea","Colpodea_X","Cyrtolophosidida","Microdiaphanosoma","Microdiaphanosoma_arcuatum"
"ASV5606","Eukaryota","Amoebozoa","Conosa","Variosea","Variosea_X","Mariager-Fjord-lineage","Mariager-Fjord-lineage_X","Mariager-Fjord-lineage_X_sp."
"ASV5611","Eukaryota","Opisthokonta","Metazoa","Arthropoda","Crustacea","Ostracoda","Cypridopsis","Cypridopsis_uenoi"
"ASV5628","Eukaryota","Stramenopiles","Pseudofungi","Division_Pseudofungi","Division_Pseudofungi","Division_Pseudofungi","Division_Pseudofungi","Division_Pseudofungi"
"ASV5655","Eukaryota","Archaeplastida","Streptophyta","Embryophyceae","Embryophyceae_X","Embryophyceae_XX","Allium","Allium_fistulosum"
"ASV5658","Eukaryota","Opisthokonta","Fungi","Ascomycota","Taphrinomycotina","Taphrinomycetes","Taphrinomycetes_X","Taphrinomycetes_X_sp."
"ASV5662","Eukaryota","Opisthokonta","Metazoa","Bryozoa","Bryozoa_X","Bryozoa_XX","Plumatella","Plumatella_geimermassardi"
"ASV5670","Eukaryota","Stramenopiles","Pseudofungi","Developea","Developea_X","Developea_XX","Developayella","Genus_Developayella"
"ASV5700","Eukaryota","Alveolata","Ciliophora","Phyllopharyngea","Synhymenia","Orthodonellidae","Orthodonellidae_X","Orthodonellidae_X_sp."
"ASV5702","Eukaryota","Alveolata","Apicomplexa","Apicomplexa_X","Apicomplexa_XX","Apicomplexa_XXX","Apicomplexa_XXXX","Apicomplexa_XXXX_sp."
"ASV5743","Eukaryota","Amoebozoa","Conosa","Variosea","Variosea_X","Protosteliids","Protostelium","Genus_Protostelium"
"ASV5756","Eukaryota","Stramenopiles","Opalozoa","MAST-12","MAST-12C","MAST-12C_X","MAST-12C_XX","MAST-12C_XX_sp."
"ASV5757","Eukaryota","Opisthokonta","Fungi","Ascomycota","Pezizomycotina","Dothideomycetes","Massaria","Genus_Massaria"
"ASV5764","Eukaryota","Archaeplastida","Streptophyta","Embryophyceae","Embryophyceae_X","Embryophyceae_XX","Cirsium","Cirsium_pendulum"
"ASV5786","Eukaryota","Stramenopiles","Ochrophyta","Bacillariophyta","Bacillariophyta_X","Raphid-pennate","Encyonema","Encyonema_caespitosum"
"ASV5805","Eukaryota","Archaeplastida","Chlorophyta","Ulvophyceae","Cladophorales","Cladophorales_X","Cladophora","Cladophora_sp."
"ASV5837","Eukaryota","Opisthokonta","Fungi","Blastocladiomycota","Blastocladiomycotina","Blastocladiomycetes","Catenaria","Catenaria_sp."
"ASV5865","Eukaryota","Apusozoa","Hilomonadea","Planomonadida","Planomonadidae","Planomonadidae_Group-1","Ancyromonas","Ancyromonas_micra"
"ASV5882","Eukaryota","Hacrobia","Haptophyta","Pavlovophyceae","Pavlovales","Pavlovaceae","Pavlova","Pavlova_pinguis"
"ASV5894","Eukaryota","Archaeplastida","Chlorophyta","Chlorophyceae","Chlamydomonadales","Chlamydomonadales_X","Haematococcus","Haematococcus_pluvialis"
"ASV5911","Eukaryota","Alveolata","Ciliophora","Heterotrichea","Heterotrichea_X","Spirostomidae","Spirostomum","Spirostomum_sp."
"ASV5931","Eukaryota","Archaeplastida","Chlorophyta","Ulvophyceae","Cladophorales","Cladophorales_X","Cladophora","Cladophora_glomerata"
"ASV5952","Eukaryota","Opisthokonta","Fungi","Ascomycota","Pezizomycotina","Leotiomycetes","Family_Leotiomycetes","Family_Leotiomycetes"
"ASV5998","Eukaryota","Rhizaria","Cercozoa","Filosa-Sarcomonadea","Glissomonadida","Allapsidae","Group-Te","Group-Te_sp."
"ASV6011","Eukaryota","Opisthokonta","Metazoa","Arthropoda","Crustacea","Malacostraca","Nephrops","Nephrops_norvegicus"
"ASV6030","Eukaryota","Rhizaria","Cercozoa","Filosa-Thecofilosea","Class_Filosa-Thecofilosea","Class_Filosa-Thecofilosea","Class_Filosa-Thecofilosea","Class_Filosa-Thecofilosea"
"ASV6042","Eukaryota","Amoebozoa","Conosa","Archamoebea","Mastigamoebida","Mastigamoebidae","Mastigamoebidae_X","Mastigamoebidae_X_sp."
"ASV6082","Eukaryota","Amoebozoa","Lobosa","Division_Lobosa","Division_Lobosa","Division_Lobosa","Division_Lobosa","Division_Lobosa"
"ASV6107","Eukaryota","Opisthokonta","Choanoflagellida","Choanoflagellatea","Craspedida","Salpingoecidae_Group_C2","Salpingoeca_C2","Salpingoeca_napiformis"
"ASV6124","Eukaryota","Opisthokonta","Fungi","Chytridiomycota","Chytridiomycotina","Chytridiomycetes","Cladochytrium","Cladochytrium_replicatum"
"ASV6131","Eukaryota","Opisthokonta","Metazoa","Gastrotricha","Gastrotricha_X","Gastrotricha_XX","Ichthydium","Ichthydium_squamigerum"
"ASV6169","Eukaryota","Alveolata","Ciliophora","Litostomatea","Class_Litostomatea","Class_Litostomatea","Class_Litostomatea","Class_Litostomatea"
"ASV6175","Eukaryota","Alveolata","Ciliophora","Colpodea","Colpodea_X","Colpodida","Colpoda","Genus_Colpoda"
"ASV6187","Eukaryota","Stramenopiles","Ochrophyta","Xanthophyceae","Xanthophyceae_X","Xanthophyceae_XX","Botrydiopsis","Botrydiopsis_callosa"
"ASV6232","Eukaryota","Apusozoa","Hilomonadea","Planomonadida","Planomonadidae","Planomonadidae_Group-1","Ancyromonas","Genus_Ancyromonas"
"ASV6236","Eukaryota","Rhizaria","Cercozoa","Endomyxa","Vampyrellida","Vampyrellidae","Vampyrella","Vampyrella_lateritia"
"ASV6238","Eukaryota","Stramenopiles","Ochrophyta","Bacillariophyta","Bacillariophyta_X","Raphid-pennate","Epithemia","Epithemia_sorex"
"ASV6249","Eukaryota","Stramenopiles","Pseudofungi","Oomycota","Oomycota_X","Peronosporales","Pythium","Pythium_adhaerens"
"ASV6304","Eukaryota","Opisthokonta","Fungi","Ascomycota","Pezizomycotina","Eurotiomycetes","Knufia","Knufia_perforans"
"ASV6322","Eukaryota","Opisthokonta","Fungi","Chytridiomycota","Chytridiomycotina","Chytridiomycetes","Chytriomyces","Chytriomyces_annulatus"
"ASV6336","Eukaryota","Stramenopiles","Ochrophyta","Bacillariophyta","Bacillariophyta_X","Polar-centric-Mediophyceae","Discostella","Discostella_sp."
"ASV6338","Eukaryota","Opisthokonta","Fungi","Chytridiomycota","Chytridiomycotina","Chytridiomycetes","Zygorhizidium","Genus_Zygorhizidium"
"ASV6346","Eukaryota","Alveolata","Dinoflagellata","Dinophyceae","Peridiniales","Thoracosphaeraceae","Apocalathium","Apocalathium_aciculiferum"
"ASV6360","Eukaryota","Opisthokonta","Fungi","Chytridiomycota","Chytridiomycotina","Chytridiomycetes","Lobulomyces","Genus_Lobulomyces"
"ASV6414","Eukaryota","Rhizaria","Cercozoa","Filosa-Sarcomonadea","Cercomonadida","Paracercomonadidae","Paracercomonas","Paracercomonas_astra"
"ASV6426","Eukaryota","Rhizaria","Cercozoa","Filosa-Granofilosea","Limnofilida","Limnofilidae","Family_Limnofilidae","Family_Limnofilidae"
"ASV6428","Eukaryota","Alveolata","Ciliophora","Nassophorea","Nassophorea_X","Microthoracida","Microthoracida_X","Microthoracida_X_sp."
"ASV6437","Eukaryota","Opisthokonta","Fungi","Ascomycota","Taphrinomycotina","Taphrinomycetes","Taphrina","Genus_Taphrina"
"ASV6447","Eukaryota","Stramenopiles","Opalozoa","Bicoecea","Pseudodendromonadales","Pseudodendromonadales_X","Adriamonas","Adriamonas_peritocrescens"
"ASV6462","Eukaryota","Opisthokonta","Metazoa","Annelida","Annelida_X","Annelida_XX","Eisenia","Eisenia_fetida"
"ASV6482","Eukaryota","Opisthokonta","Fungi","Entomophthoromycota","Entomophthoromycotina","Entomophthorales","Pandora","Pandora_neoaphidis"
"ASV6488","Eukaryota","Archaeplastida","Chlorophyta","Pyramimonadophyceae","Pyramimonadales","Pyramimonadaceae","Pyramimonas","Pyramimonas_australis"
"ASV6489","Eukaryota","Alveolata","Dinoflagellata","Syndiniales","Dino-Group-I","Dino-Group-I-Clade-1","Dino-Group-I-Clade-1_X","Dino-Group-I-Clade-1_X_sp."
"ASV6493","Eukaryota","Archaeplastida","Chlorophyta","Mamiellophyceae","Mamiellales","Mamiellaceae","Micromonas","Micromonas_commoda_A2"
"ASV6494","Eukaryota","Opisthokonta","Choanoflagellida","Choanoflagellatea","Craspedida","Salpingoecidae_Group_C3","Salpingoecidae_Group_C3_X","Salpingoecidae_Group_C3_X_sp."
"ASV6510","Eukaryota","Opisthokonta","Fungi","Ascomycota","Pezizomycotina","Dothideomycetes","Paraconiothyrium","Paraconiothyrium_africanum"
"ASV6514","Eukaryota","Alveolata","Dinoflagellata","Dinophyceae","Peridiniales","Thoracosphaeraceae","Luciella","Luciella_sp."
"ASV6525","Eukaryota","Stramenopiles","Sagenista","Sagenista_X","Sagenista_XX","Sagenista_XXX","Diplophrys","Diplophrys_sp."
"ASV6530","Eukaryota","Opisthokonta","Fungi","Ascomycota","Pezizomycotina","Dothideomycetes","Cochliobolus","Genus_Cochliobolus"
"ASV6580","Eukaryota","Stramenopiles","Ochrophyta","Chrysophyceae","Chrysophyceae_X","Chrysophyceae_Clade-C","Poterioochromonas","Poterioochromonas_malhamensis"
"ASV6605","Eukaryota","Rhizaria","Cercozoa","Filosa-Granofilosea","Desmothoracida","Order_Desmothoracida","Order_Desmothoracida","Order_Desmothoracida"
"ASV6624","Eukaryota","Archaeplastida","Chlorophyta","Chlorophyceae","Chlamydomonadales","Chlamydomonadales_X","Chlamydopodium","Chlamydopodium_sp."
"ASV6649","Eukaryota","Stramenopiles","Pseudofungi","Oomycota","Oomycota_X","Haptoglossales","Haptoglossa","Haptoglossa_sp."
"ASV6675","Eukaryota","Amoebozoa","Lobosa","Tubulinea","Euamoebida","Amoebidae","Chaos","Chaos_nobile"
"ASV6681","Eukaryota","Stramenopiles","Sagenista","Division_Sagenista","Division_Sagenista","Division_Sagenista","Division_Sagenista","Division_Sagenista"
"ASV6688","Eukaryota","Excavata","Discoba","Heterolobosea","Heterolobosea_X","Heterolobosea_XX","Neovahlkampfia","Neovahlkampfia_damariscottae"
"ASV6707","Eukaryota","Archaeplastida","Chlorophyta","Chlorophyceae","Sphaeropleales","Sphaeropleales_X","Characiopodium","Characiopodium_sp."
"ASV6769","Eukaryota","Alveolata","Dinoflagellata","Dinophyceae","Suessiales","Borghiellaceae","Baldinia","Genus_Baldinia"
"ASV6797","Eukaryota","Amoebozoa","Conosa","Variosea","Variosea_X","Phalansteriidae","Phalansterium","Phalansterium_sp."
"ASV6809","Eukaryota","Opisthokonta","Metazoa","Nematoda","Enoplea","Enoplea_X","Microdorylaimus","Microdorylaimus_miser"
"ASV6813","Eukaryota","Rhizaria","Cercozoa","Filosa-Thecofilosea","Cryomonadida","Cryomonadida_X","Cryomonadida_XX","Cryomonadida_XX_sp."
"ASV6887","Eukaryota","Amoebozoa","Lobosa","Discosea-Flabellinia","Vannellida","Vannellida_X","Vannellida_XX","Vannellida_XX_sp."
"ASV6895","Eukaryota","Alveolata","Ciliophora","Litostomatea","Haptoria_5","Pleurostomatida","Loxophyllum","Loxophyllum_rostratum"
"ASV6897","Eukaryota","Alveolata","Ciliophora","Oligohymenophorea","Peritrichia_2","Sessilida","Ophrydium","Ophrydium_versatile"
"ASV6910","Eukaryota","Archaeplastida","Chlorophyta","Mamiellophyceae","Dolichomastigales","Crustomastigaceae","Family_Crustomastigaceae","Family_Crustomastigaceae"
"ASV6911","Eukaryota","Alveolata","Perkinsea","Division_Perkinsea","Division_Perkinsea","Division_Perkinsea","Division_Perkinsea","Division_Perkinsea"
"ASV6913","Eukaryota","Alveolata","Ciliophora","Phyllopharyngea","Cyrtophoria_8","Dysteriidae","Trochilia","Trochilia_petrani"
"ASV6926","Eukaryota","Amoebozoa","Lobosa","Discosea-Flabellinia","Class_Discosea-Flabellinia","Class_Discosea-Flabellinia","Class_Discosea-Flabellinia","Class_Discosea-Flabellinia"
"ASV6932","Eukaryota","Alveolata","Ciliophora","Litostomatea","Haptoria_3","Haptoria_3_X","Haptoria_3_XX","Haptoria_3_XX_sp."
"ASV6941","Eukaryota","Stramenopiles","Sagenista","Labyrinthulomycetes","Thraustochytriales","Thraustochytriaceae","Labyrinthuloides","Labyrinthuloides_haliotidis"
"ASV6942","Eukaryota","Alveolata","Ciliophora","Oligohymenophorea","Scuticociliatia_2","Order_Scuticociliatia_2","Order_Scuticociliatia_2","Order_Scuticociliatia_2"
"ASV6950","Eukaryota","Amoebozoa","Conosa","Mycetozoa-Myxogastrea","Stemonitales-Physarales","Stemonitales-Physarales_X","Family_Stemonitales-Physarales_X","Family_Stemonitales-Physarales_X"
"ASV6954","Eukaryota","Excavata","Discoba","Heterolobosea","Heterolobosea_X","Vahlkampfiidae","Naegleria","Naegleria_pagei"
"ASV6995","Eukaryota","Opisthokonta","Metazoa","Nematoda","Chromadorea","Chromadorea_X","Panagrolaimus","Genus_Panagrolaimus"
"ASV6998","Eukaryota","Alveolata","Dinoflagellata","Dinophyceae","Gymnodiniales","Kareniaceae","Family_Kareniaceae","Family_Kareniaceae"
"ASV6999","Eukaryota","Rhizaria","Cercozoa","Filosa-Sarcomonadea","Cercomonadida","Paracercomonadidae","Family_Paracercomonadidae","Family_Paracercomonadidae"
"ASV7000","Eukaryota","Opisthokonta","Metazoa","Arthropoda","Crustacea","Maxillopoda","Centropages","Centropages_typicus"
"ASV7045","Eukaryota","Rhizaria","Cercozoa","Filosa-Sarcomonadea","Glissomonadida","Bodomorphidae","Bodomorpha","Genus_Bodomorpha"
"ASV7047","Eukaryota","Archaeplastida","Streptophyta","Zygnemophyceae","Zygnemophyceae_X","Zygnemophyceae_XX","Cosmarium","Cosmarium_depressum"
"ASV7060","Eukaryota","Opisthokonta","Fungi","Cryptomycota","Cryptomycotina","Cryptomycotina_X","Rozella","Rozella_sp."
"ASV7068","Eukaryota","Opisthokonta","Fungi","Basidiomycota","Agaricomycotina","Agaricomycetes","Psathyrella","Genus_Psathyrella"
"ASV7070","Eukaryota","Amoebozoa","Lobosa","Tubulinea","Arcellinida","Arcellinida_X","Family_Arcellinida_X","Family_Arcellinida_X"
"ASV7098","Eukaryota","Opisthokonta","Fungi","Ascomycota","Pezizomycotina","Sordariomycetes","Family_Sordariomycetes","Family_Sordariomycetes"
"ASV7150","Eukaryota","Rhizaria","Cercozoa","Filosa-Granofilosea","Limnofilida","Limnofilidae","Limnofila","Limnofila_borokensis"
"ASV7171","Eukaryota","Amoebozoa","Lobosa","Tubulinea","Euamoebida","Hartmannellidae","Saccamoeba","Saccamoeba_limax"
"ASV7173","Eukaryota","Stramenopiles","Pseudofungi","Oomycota","Oomycota_X","Peronosporales","Pythium","Pythium_aphanidermatum"
"ASV7191","Eukaryota","Alveolata","Apicomplexa","Gregarinomorphea","Neogregarinorida","Actinocephalidae","Syncystis","Syncystis_mirabilis"
"ASV7195","Eukaryota","Stramenopiles","Ochrophyta","Bacillariophyta","Bacillariophyta_X","Raphid-pennate","Cocconeis","Cocconeis_littoralis"
"ASV7209","Eukaryota","Stramenopiles","Opalozoa","Bicoecea","Bicoecales","Bicoecaceae","Bicosoeca","Bicosoeca_petiolata"
"ASV7229","Eukaryota","Hacrobia","Centroheliozoa","Centroheliozoa_X","Pterocystida","Heterophryidae","Family_Heterophryidae","Family_Heterophryidae"
"ASV7230","Eukaryota","Opisthokonta","Fungi","Chytridiomycota","Chytridiomycotina","Chytridiomycetes","Lobulomyces","Lobulomyces_sp."
"ASVf1","Eukaryota","Opisthokonta","Metazoa","Platyhelminthes","Turbellaria","Rhabdocoela","Mesostoma","Mesostoma_lingua"
"ASVf4","Eukaryota","Hacrobia","Cryptophyta","Cryptophyceae","Cryptomonadales","Cryptomonadales_X","Cryptomonas","Cryptomonas_curvata"
"ASVf5","Eukaryota","Archaeplastida","Chlorophyta","Chlorophyceae","Chlamydomonadales","Chlamydomonadales_X","Chlamydomonas","Chlamydomonas_reinhardtii"
"ASVf6","Eukaryota","Alveolata","Ciliophora","Spirotrichea","Hypotrichia","Halteriidae","Halteriidae_X","Halteriidae_X_sp."
"ASVf9","Eukaryota","Hacrobia","Cryptophyta","Cryptophyceae","Class_Cryptophyceae","Class_Cryptophyceae","Class_Cryptophyceae","Class_Cryptophyceae"
"ASVf10","Eukaryota","Archaeplastida","Chlorophyta","Chlorophyceae","Chlamydomonadales","Chlamydomonadales_X","Family_Chlamydomonadales_X","Family_Chlamydomonadales_X"
"ASVf14","Eukaryota","Archaeplastida","Chlorophyta","Chlorophyceae","Chlamydomonadales","Chlamydomonadales_X","Macrochloris","Macrochloris_radiosa"
"ASVf19","Eukaryota","Opisthokonta","Fungi","Chytridiomycota","Chytridiomycotina","Chytridiomycotina_X","Chytridiomycotina_XX","Chytridiomycotina_XX_sp."
"ASVf20","Eukaryota","Hacrobia","Cryptophyta","Cryptophyceae","Cryptomonadales","Cryptomonadales_X","Cryptomonas","Cryptomonas_pyrenoidifera"
"ASVf22","Eukaryota","Archaeplastida","Streptophyta","Zygnemophyceae","Zygnemophyceae_X","Zygnemophyceae_XX","Mougeotia","Mougeotia_sp."
"ASVf23","Eukaryota","Opisthokonta","Fungi","Chytridiomycota","Chytridiomycotina","Order_Chytridiomycotina","Order_Chytridiomycotina","Order_Chytridiomycotina"
"ASVf30","Eukaryota","Alveolata","Ciliophora","Spirotrichea","Hypotrichia","Order_Hypotrichia","Order_Hypotrichia","Order_Hypotrichia"
"ASVf31","Eukaryota","Archaeplastida","Chlorophyta","Chlorophyceae","Chlamydomonadales","Chlamydomonadales_X","Carteria","Carteria_sp."
"ASVf32","Eukaryota","Opisthokonta","Fungi","Chytridiomycota","Chytridiomycotina","Chytridiomycetes","Rhyzophidiales_X","Rhyzophidiales_X_sp."
"ASVf33","Eukaryota","Stramenopiles","Ochrophyta","Chrysophyceae","Chrysophyceae_X","Chrysophyceae_XX","Chrysophyceae_XXX","Chrysophyceae_XXX_sp."
"ASVf36","Eukaryota","Stramenopiles","Ochrophyta","Chrysophyceae","Chrysophyceae_X","Chrysophyceae_Clade-B2","Naegeliella","Naegeliella_flagellifera"
"ASVf38","Eukaryota","Opisthokonta","Fungi","Chytridiomycota","Chytridiomycotina","Chytridiomycetes","Family_Chytridiomycetes","Family_Chytridiomycetes"
"ASVf39","Eukaryota","Hacrobia","Katablepharidophyta","Katablepharidaceae","Katablepharidales","Katablepharidales_X","Katablepharidales_XX","Katablepharidales_XX_sp."
"ASVf42","Eukaryota","Hacrobia","Centroheliozoa","Centroheliozoa_X","Pterocystida","Heterophryidae","Sphaerastrum","Sphaerastrum_fockii"
"ASVf45","Eukaryota","Archaeplastida","Chlorophyta","Trebouxiophyceae","Trebouxiophyceae_X","Trebouxiophyceae_XX","Botryococcus","Botryococcus_braunii"
"ASVf46","Eukaryota","Opisthokonta","Metazoa","Rotifera","Rotifera_X","Rotifera_XX","Family_Rotifera_XX","Family_Rotifera_XX"
"ASVf48","Eukaryota","Alveolata","Ciliophora","Spirotrichea","Choreotrichida","Strobilidiidae","Strobilidiidae_X","Strobilidiidae_X_sp."
"ASVf49","Eukaryota","Alveolata","Ciliophora","Colpodea","Colpodea_X","Cyrtolophosidida","Cyrtolophosis","Cyrtolophosis_sp."
"ASVf51","Eukaryota","Alveolata","Dinoflagellata","Dinophyceae","Suessiales","Suessiaceae","Asulcocephalium","Asulcocephalium_miricentonis"
"ASVf57","Eukaryota","Opisthokonta","Metazoa","Rotifera","Rotifera_X","Rotifera_XX","Brachionus","Genus_Brachionus"
"ASVf59","Eukaryota","Archaeplastida","Streptophyta","Zygnemophyceae","Zygnemophyceae_X","Zygnemophyceae_XX","Family_Zygnemophyceae_XX","Family_Zygnemophyceae_XX"
"ASVf60","Eukaryota","Rhizaria","Cercozoa","Filosa-Imbricatea","Filosa-Imbricatea_X","Novel-clade-2","Novel-clade-2_X","Novel-clade-2_X_sp."
"ASVf64","Eukaryota","Rhizaria","Cercozoa","Filosa-Sarcomonadea","Glissomonadida","Allapsidae","Family_Allapsidae","Family_Allapsidae"
"ASVf66","Eukaryota","Stramenopiles","Ochrophyta","Chrysophyceae","Chrysophyceae_X","Chrysophyceae_Clade-F","Chrysophyceae_Clade-F_X","Chrysophyceae_Clade-F_X_sp."
"ASVf67","Eukaryota","Opisthokonta","Metazoa","Rotifera","Rotifera_X","Rotifera_XX","Filinia","Filinia_longiseta"
"ASVf68","Eukaryota","Archaeplastida","Chlorophyta","Chlorophyceae","Sphaeropleales","Selenastraceae","Monoraphidium","Monoraphidium_dybowskii"
"ASVf71","Eukaryota","Alveolata","Ciliophora","Spirotrichea","Choreotrichida","Strobilidiidae_J","Strobilidiidae_J_X","Strobilidiidae_J_X_sp."
"ASVf72","Eukaryota","Alveolata","Ciliophora","CONThreeP","CONThreeP_X","CONThreeP_XX","Askenasia","Askenasia_sp."
"ASVf80","Eukaryota","Archaeplastida","Chlorophyta","Chlorophyceae","Sphaeropleales","Sphaeropleales_X","Ankyra","Ankyra_judayi"
"ASVf90","Eukaryota","Stramenopiles","Ochrophyta","Bacillariophyta","Bacillariophyta_X","Araphid-pennate","Synedra","Synedra_acus"
"ASVf93","Eukaryota","Hacrobia","Cryptophyta","Cryptophyceae","Cryptophyceae_X","Basal_Cryptophyceae-1","Basal_Cryptophyceae-1_X","Basal_Cryptophyceae-1_X_sp."
"ASVf94","Eukaryota","Opisthokonta","Fungi","Chytridiomycota","Chytridiomycotina","Chytridiomycetes","Rhizophydium","Rhizophydium_chlorogonii"
"ASVf97","Eukaryota","Opisthokonta","Fungi","Entomophthoromycota","Entomophthoromycotina","Entomophthorales","Basidiobolus","Basidiobolus_sp."
"ASVf99","Eukaryota","Archaeplastida","Chlorophyta","Chlorophyceae","Chlamydomonadales","Chlamydomonadales_X","Carteria","Genus_Carteria"
"ASVf106","Eukaryota","Archaeplastida","Chlorophyta","Chlorophyceae","Chlorophyceae_X","Chlorophyceae_XX","Treubaria","Treubaria_setigera"
"ASVf112","Eukaryota","Alveolata","Apicomplexa","Colpodellidea","Colpodellida","Chrompodellids_CHR1_XX","Chrompodellids_CHR1_XXX","Chrompodellids_CHR1_XXX_sp."
"ASVf122","Eukaryota","Rhizaria","Cercozoa","Novel-clade-10-12","Novel-clade-10","Novel-clade-10_X","Novel-clade-10_XX","Novel-clade-10_XX_sp."
"ASVf123","Eukaryota","Stramenopiles","Ochrophyta","Bacillariophyta","Bacillariophyta_X","Araphid-pennate","Fragilaria","Fragilaria_rumpens"
"ASVf124","Eukaryota","Rhizaria","Cercozoa","Filosa-Imbricatea","Spongomonadida","Spongomonadidae","Spongomonas","Spongomonas_minima"
"ASVf125","Eukaryota","Hacrobia","Centroheliozoa","Centroheliozoa_X","Pterocystida","Order_Pterocystida","Order_Pterocystida","Order_Pterocystida"
"ASVf127","Eukaryota","Alveolata","Ciliophora","Spirotrichea","Choreotrichida","Strobilidiidae_D","Rimostrombidium_D","Rimostrombidium_D_sp."
"ASVf131","Eukaryota","Opisthokonta","Fungi","Fungi_X","Fungi_XX","Fungi_XXX","Fungi_XXXX","Fungi_XXXX_sp."
"ASVf134","Eukaryota","Archaeplastida","Chlorophyta","Chlorophyceae","Sphaeropleales","Sphaeropleales_X","Mychonastes","Mychonastes_homosphaera"
"ASVf137","Eukaryota","Hacrobia","Centroheliozoa","Centroheliozoa_X","Pterocystida","Choanocystidae","Choanocystis","Choanocystis_sp."
"ASVf146","Eukaryota","Opisthokonta","Metazoa","Arthropoda","Crustacea","Maxillopoda","Eudiaptomus","Genus_Eudiaptomus"
"ASVf149","Eukaryota","Alveolata","Ciliophora","Spirotrichea","Hypotrichia","Urostylidae","Uroleptus","Uroleptus_sp."
"ASVf153","Eukaryota","Alveolata","Ciliophora","Prostomatea_1","Prostomatea_1_X","Colepidae","Coleps","Coleps_hirtus"
"ASVf154","Eukaryota","Opisthokonta","Metazoa","Arthropoda","Crustacea","Maxillopoda","Cyclopidae","Cyclopidae_sp."
"ASVf163","Eukaryota","Alveolata","Dinoflagellata","Dinophyceae","Class_Dinophyceae","Class_Dinophyceae","Class_Dinophyceae","Class_Dinophyceae"
"ASVf164","Eukaryota","Archaeplastida","Chlorophyta","Chlorophyceae","Chlamydomonadales","Chlamydomonadales_X","Chlamydomonadales_XX","Chlamydomonadales_XX_sp."
"ASVf168","Eukaryota","Archaeplastida","Chlorophyta","Chlorophyceae","Chlamydomonadales","Chlamydomonadales_X","Chlamydomonas","Genus_Chlamydomonas"
"ASVf170","Eukaryota","Rhizaria","Cercozoa","Filosa-Sarcomonadea","Cercomonadida","Paracercomonadidae","Paracercomonas","Paracercomonas_ambulans"
"ASVf173","Eukaryota","Stramenopiles","Ochrophyta","Bacillariophyta","Bacillariophyta_X","Raphid-pennate","Achnanthidium","Achnanthidium_minutissimum"
"ASVf185","Eukaryota","Archaeplastida","Chlorophyta","Chlorophyceae","Sphaeropleales","Sphaeropleales_X","Ankistrodesmus","Ankistrodesmus_fusiformis"
"ASVf187","Eukaryota","Rhizaria","Cercozoa","Filosa-Sarcomonadea","Cercomonadida","Paracercomonadidae","Paracercomonas","Genus_Paracercomonas"
"ASVf192","Eukaryota","Archaeplastida","Chlorophyta","Chlorophyceae","Chaetopeltidales","Chaetopeltidales_X","Chaetopeltis","Chaetopeltis_orbicularis"
"ASVf193","Eukaryota","Opisthokonta","Fungi","Division_Fungi","Division_Fungi","Division_Fungi","Division_Fungi","Division_Fungi"
"ASVf197","Eukaryota","Archaeplastida","Chlorophyta","Trebouxiophyceae","Chlorellales","Chlorellales_X","Chlorella","Genus_Chlorella"
"ASVf203","Eukaryota","Archaeplastida","Chlorophyta","Chlorodendrophyceae","Chlorodendrales","Chlorodendraceae","Tetraselmis","Tetraselmis_cordiformis"
"ASVf207","Eukaryota","Archaeplastida","Chlorophyta","Trebouxiophyceae","Chlorellales","Chlorellales_X","Oocystaceae","Oocystaceae_sp."
"ASVf211","Eukaryota","Rhizaria","Cercozoa","Filosa-Sarcomonadea","Cercomonadida","Paracercomonadidae","Paracercomonas","Paracercomonas_sp."
"ASVf213","Eukaryota","Rhizaria","Cercozoa","Division_Cercozoa","Division_Cercozoa","Division_Cercozoa","Division_Cercozoa","Division_Cercozoa"
"ASVf217","Eukaryota","Opisthokonta","Choanoflagellida","Choanoflagellida_X","Choanoflagellida_XX","Clade-2","Sphaeroeca","Sphaeroeca_leprechaunica"
"ASVf242","Eukaryota","Stramenopiles","Ochrophyta","Chrysophyceae","Chrysophyceae_X","Chrysophyceae_Clade-F","Paraphysomonas","Paraphysomonas_sp."
"ASVf247","Eukaryota","Alveolata","Ciliophora","Oligohymenophorea","Scuticociliatia_2","Scuticociliatia_2_X","Scuticociliatia_2_XX","Scuticociliatia_2_XX_sp."
"ASVf248","Eukaryota","Archaeplastida","Chlorophyta","Chlorophyceae","Sphaeropleales","Sphaeropleales_X","Mychonastes","Mychonastes_sp."
"ASVf251","Eukaryota","Opisthokonta","Choanoflagellida","Choanoflagellatea","Craspedida","Monosigidae_Group_O","Monosigidae_Group_O_X","Monosigidae_Group_O_X_sp."
"ASVf253","Eukaryota","Opisthokonta","Metazoa","Arthropoda","Crustacea","Maxillopoda","Acanthocyclops","Acanthocyclops_viridis"
"ASVf255","Eukaryota","Rhizaria","Cercozoa","Cercozoa_X","Cercozoa_XX","Cercozoa_XXX","Cercozoa_XXXX","Cercozoa_XXXX_sp."
"ASVf257","Eukaryota","Stramenopiles","Ochrophyta","Bacillariophyta","Bacillariophyta_X","Araphid-pennate","Fragilaria","Genus_Fragilaria"
"ASVf260","Eukaryota","Stramenopiles","Ochrophyta","Chrysophyceae","Chrysophyceae_X","Chrysophyceae_Clade-B2","Chrysamoeba","Genus_Chrysamoeba"
"ASVf262","Eukaryota","Stramenopiles","Ochrophyta","Chrysophyceae","Chrysophyceae_X","Chrysophyceae_Clade-C","Chrysophyceae_Clade-C_X","Chrysophyceae_Clade-C_X_sp."
"ASVf263","Eukaryota","Opisthokonta","Choanoflagellida","Choanoflagellatea","Craspedida","Salpingoecidae_Group_C1","Salpingoeca_C1","Salpingoeca_fusiformis"
"ASVf266","Eukaryota","Archaeplastida","Chlorophyta","Chlorophyceae","Sphaeropleales","Sphaeropleales_X","Mychonastes","Genus_Mychonastes"
"ASVf268","Eukaryota","Hacrobia","Cryptophyta","Cryptophyceae","Cryptomonadales","Cryptomonadales_X","Cryptomonas","Cryptomonas_marssonii"
"ASVf279","Eukaryota","Alveolata","Ciliophora","Oligohymenophorea","Peritrichia_2","Sessilida","Vorticella","Vorticella_microstoma"
"ASVf280","Eukaryota","Alveolata","Ciliophora","CONTH_4","CONTH_4_X","CONTH_4_XX","CONTH_4_XXX","CONTH_4_XXX_sp."
"ASVf288","Eukaryota","Apusozoa","Apusomonadidae","Apusomonadidae_Group-4","Apusomonadidae_Group-4_X","Apusomonadidae_Group-4_XX","Diphylleia","Diphylleia_rotans"
"ASVf299","Eukaryota","Opisthokonta","Metazoa","Gastrotricha","Gastrotricha_X","Gastrotricha_XX","Family_Gastrotricha_XX","Family_Gastrotricha_XX"
"ASVf301","Eukaryota","Archaeplastida","Chlorophyta","Chlorophyceae","Sphaeropleales","Sphaeropleales_X","Tetraedron","Tetraedron_minimum"
"ASVf307","Eukaryota","Alveolata","Ciliophora","Phyllopharyngea","Suctoria","Order_Suctoria","Order_Suctoria","Order_Suctoria"
"ASVf309","Eukaryota","Opisthokonta","Fungi","Cryptomycota","Cryptomycotina","Cryptomycotina_X","Cryptomycotina_XX","Cryptomycotina_XX_sp."
"ASVf311","Eukaryota","Alveolata","Ciliophora","Oligohymenophorea","Scuticociliatia_2","Scuticociliatia_2_X","Cyclidium_3","Cyclidium_glaucoma"
"ASVf316","Eukaryota","Archaeplastida","Chlorophyta","Chlorophyceae","Sphaeropleales","Sphaeropleales_X","Westella","Westella_botryoides"
"ASVf320","Eukaryota","Opisthokonta","Metazoa","Rotifera","Rotifera_X","Rotifera_XX","Collotheca","Collotheca_campanulata"
"ASVf323","Eukaryota","Opisthokonta","Metazoa","Gastrotricha","Gastrotricha_X","Gastrotricha_XX","Gastrotricha_XXX","Gastrotricha_XXX_sp."
"ASVf326","Eukaryota","Alveolata","Dinoflagellata","Dinophyceae","Peridiniales","Thoracosphaeraceae","Family_Thoracosphaeraceae","Family_Thoracosphaeraceae"
"ASVf331","Eukaryota","Archaeplastida","Chlorophyta","Chlorophyceae","Chlamydomonadales","Chlamydomonadales_X","Paulschulzia","Paulschulzia_pseudovolvox"
"ASVf346","Eukaryota","Rhizaria","Cercozoa","Filosa-Sarcomonadea","Glissomonadida","Bodomorphidae","Bodomorpha","Bodomorpha_minima"
"ASVf347","Eukaryota","Stramenopiles","Ochrophyta","Chrysophyceae","Chrysophyceae_X","Chrysophyceae_Clade-G","Chrysophyceae_Clade-G_X","Chrysophyceae_Clade-G_X_sp."
"ASVf348","Eukaryota","Stramenopiles","Ochrophyta","Chrysophyceae","Chrysophyceae_X","Chrysophyceae_Clade-E","Chrysosphaera","Chrysosphaera_parvula"
"ASVf357","Eukaryota","Alveolata","Ciliophora","Colpodea","Colpodea_X","Cyrtolophosidida","Cyrtolophosidida_X","Cyrtolophosidida_X_sp."
"ASVf358","Eukaryota","Alveolata","Ciliophora","Litostomatea","Haptoria_5","Pleurostomatida","Acineria","Acineria_incurvata"
"ASVf368","Eukaryota","Alveolata","Ciliophora","CONThreeP","CONThreeP_X","Urotrichidae","Urotricha","Urotricha_sp."
"ASVf369","Eukaryota","Rhizaria","Cercozoa","Endomyxa","Vampyrellida","Vampyrellidae","Vampyrella","Vampyrella_pendula"
"ASVf376","Eukaryota","Archaeplastida","Chlorophyta","Trebouxiophyceae","Chlorellales","Chlorellales_X","Ecballocystopsis","Ecballocystopsis_dichotomus"
"ASVf377","Eukaryota","Hacrobia","Cryptophyta","Cryptophyceae","Cryptomonadales","Cryptomonadales_X","Plagioselmis","Plagioselmis_nannoplanctica"
"ASVf381","Eukaryota","Stramenopiles","Ochrophyta","Synurophyceae","Synurales","Synurales_X","Synurales_XX","Synurales_XX_sp."
"ASVf383","Eukaryota","Alveolata","Dinoflagellata","Dinophyceae","Peridiniales","Thoracosphaeraceae","Thoracosphaeraceae_X","Thoracosphaeraceae_X_sp."
"ASVf386","Eukaryota","Amoebozoa","Lobosa","Tubulinea","Echinamoebida","Echinamoebidae","Echinamoeba","Echinamoeba_sp."
"ASVf391","Eukaryota","Amoebozoa","Lobosa","Tubulinea","Tubulinea_X","Tubulinea_XX","Tubulinea_XXX","Tubulinea_XXX_sp."
"ASVf401","Eukaryota","Rhizaria","Cercozoa","Filosa-Imbricatea","Spongomonadida","Spongomonadidae","Spongomonadidae_X","Spongomonadidae_X_sp."
"ASVf405","Eukaryota","Alveolata","Apicomplexa","Colpodellidea","Colpodellida","Alphamonaceae","Aphamonas","Aphamonas_edax"
"ASVf408","Eukaryota","Alveolata","Ciliophora","Spirotrichea","Strombidiida_A","Strombidiida_A_X","Strombidiida_A_XX","Strombidiida_A_XX_sp."
"ASVf418","Eukaryota","Rhizaria","Cercozoa","Filosa-Sarcomonadea","Pansomonadida","Agitatidae","Agitatidae_X","Agitatidae_X_sp."
"ASVf419","Eukaryota","Archaeplastida","Chlorophyta","Chlorophyceae","Sphaeropleales","Sphaeropleales_X","Family_Sphaeropleales_X","Family_Sphaeropleales_X"
"ASVf421","Eukaryota","Alveolata","Ciliophora","Litostomatea","Litostomatea_X","Litostomatea_XX","Litostomatea_XXX","Litostomatea_XXX_sp."
"ASVf425","Eukaryota","Alveolata","Dinoflagellata","Dinophyceae","Peridiniales","Peridiniopsidaceae","Parvodinium","Parvodinium_inconspicuum"
"ASVf428","Eukaryota","Opisthokonta","Metazoa","Rotifera","Rotifera_X","Rotifera_XX","Keratella","Keratella_quadrata"
"ASVf431","Eukaryota","Archaeplastida","Chlorophyta","Chlorophyceae","Chlamydomonadales","Chlamydomonadales_X","Chlorococcum","Genus_Chlorococcum"
"ASVf434","Eukaryota","Archaeplastida","Chlorophyta","Chlorophyceae","Chlamydomonadales","Chlamydomonadales_X","Chlamydomonas","Chlamydomonas_sp."
"ASVf435","Eukaryota","Archaeplastida","Chlorophyta","Trebouxiophyceae","Trebouxiophyceae_X","Trebouxiophyceae_XX","Choricystis","Choricystis_sp."
"ASVf436","Eukaryota","Alveolata","Ciliophora","Spirotrichea","Choreotrichida","Strobilidiidae_C","Strobilidiidae_C_X","Strobilidiidae_C_X_sp."
"ASVf438","Eukaryota","Alveolata","Ciliophora","Heterotrichea","Heterotrichea_X","Stentoridae","Stentor","Stentor_muelleri"
"ASVf440","Eukaryota","Hacrobia","Centroheliozoa","Centroheliozoa_X","Pterocystida","Pterocystidae","Pterocystis","Pterocystis_sp."
"ASVf444","Eukaryota","Opisthokonta","Fungi","Chytridiomycota","Chytridiomycotina","Chytridiomycetes","Mesochytrium","Mesochytrium_penetrans"
"ASVf456","Eukaryota","Stramenopiles","Ochrophyta","Chrysophyceae","Chrysophyceae_X","Chrysophyceae_Clade-H","Chrysophyceae_Clade-H_X","Chrysophyceae_Clade-H_X_sp."
"ASVf457","Eukaryota","Stramenopiles","Ochrophyta","Chrysophyceae","Chrysophyceae_X","Chrysophyceae_Clade-C","Epipyxis","Epipyxis_aurea"
"ASVf458","Eukaryota","Archaeplastida","Streptophyta","Zygnemophyceae","Zygnemophyceae_X","Zygnemophyceae_XX","Closterium","Genus_Closterium"
"ASVf461","Eukaryota","Stramenopiles","Ochrophyta","Chrysophyceae","Chrysophyceae_X","Chrysophyceae_Clade-C","Spumella","Spumella_sp."
"ASVf462","Eukaryota","Archaeplastida","Chlorophyta","Chlorophyceae","Chlamydomonadales","Chlamydomonadales_X","Chlamydomonas","Chlamydomonas_monadina"
"ASVf466","Eukaryota","Archaeplastida","Chlorophyta","Chlorophyceae","Chlamydomonadales","Chlamydomonadales_X","Asterococcus","Asterococcus_superbus"
"ASVf468","Eukaryota","Opisthokonta","Choanoflagellida","Choanoflagellatea","Class_Choanoflagellatea","Class_Choanoflagellatea","Class_Choanoflagellatea","Class_Choanoflagellatea"
"ASVf472","Eukaryota","Alveolata","Perkinsea","Perkinsida","Perkinsida_X","Parvilucifera-group","Parvilucifera-group_X","Parvilucifera-group_X_sp."
"ASVf474","Eukaryota","Stramenopiles","Pseudofungi","Oomycota","Oomycota_X","Peronosporales","Pythiaceae","Pythiaceae_sp."
"ASVf491","Eukaryota","Hacrobia","Cryptophyta","Cryptophyceae","Goniomonadales","Goniomonadales_X","Goniomonas","Goniomonas_truncata"
"ASVf499","Eukaryota","Archaeplastida","Chlorophyta","Chlorophyceae","Chlamydomonadales","Chlamydomonadales_X","Chlorococcum","Chlorococcum_sp."
"ASVf526","Eukaryota","Alveolata","Dinoflagellata","Dinophyceae","Prorocentrales","Prorocentraceae","Prorocentrum","Prorocentrum_sp."
"ASVf528","Eukaryota","Rhizaria","Cercozoa","Endomyxa","Vampyrellida","sm27-lineage","sm27-lineage_X","sm27-lineage_X_sp."
"ASVf530","Eukaryota","Opisthokonta","Choanoflagellida","Choanoflagellatea","Choanoflagellatea_X","Choanoflagellatea_X_Group_P","Choanoflagellatea_X_Group_P_X","Choanoflagellatea_X_Group_P_X_sp."
"ASVf535","Eukaryota","Archaeplastida","Chlorophyta","Chlorophyceae","Class_Chlorophyceae","Class_Chlorophyceae","Class_Chlorophyceae","Class_Chlorophyceae"
"ASVf537","Eukaryota","Opisthokonta","Mesomycetozoa","Ichthyosporea","Rhynosporida","Rhynosporidae","Rhynosporidae_X","Rhynosporidae_X_sp."
"ASVf554","Eukaryota","Opisthokonta","Choanoflagellida","Choanoflagellatea","Craspedida","Salpingoecidae_Group_C2","Salpingoecidae_Group_C2_X","Salpingoecidae_Group_C2_X_sp."
"ASVf555","Eukaryota","Stramenopiles","Sagenista","Labyrinthulomycetes","Thraustochytriales","Thraustochytriaceae","Thraustochytriaceae_X","Thraustochytriaceae_X_sp."
"ASVf563","Eukaryota","Rhizaria","Cercozoa","Endomyxa","Vampyrellida","Leptophryidae","Family_Leptophryidae","Family_Leptophryidae"
"ASVf564","Eukaryota","Archaeplastida","Chlorophyta","Chlorophyceae","Chlamydomonadales","Chlamydomonadales_X","Chlamydomonas","Chlamydomonas_fasciata"
"ASVf567","Eukaryota","Stramenopiles","Pseudofungi","Oomycota","Oomycota_X","Peronosporales","Peronosporales_X","Peronosporales_X_sp."
"ASVf569","Eukaryota","Rhizaria","Cercozoa","Endomyxa","Vampyrellida","Leptophryidae","Leptophrys","Leptophrys_vorax"
"ASVf587","Eukaryota","Archaeplastida","Streptophyta","Embryophyceae","Embryophyceae_X","Embryophyceae_XX","Silene","Silene_latifolia"
"ASVf588","Eukaryota","Alveolata","Dinoflagellata","Dinophyceae","Suessiales","Borghiellaceae","Borghiella","Borghiella_tenuissima"
"ASVf594","Eukaryota","Stramenopiles","Ochrophyta","Bacillariophyta","Bacillariophyta_X","Araphid-pennate","Fragilaria","Fragilaria_vaucheriae"
"ASVf605","Eukaryota","Archaeplastida","Chlorophyta","Chlorophyceae","Sphaeropleales","Order_Sphaeropleales","Order_Sphaeropleales","Order_Sphaeropleales"
"ASVf607","Eukaryota","Opisthokonta","Metazoa","Division_Metazoa","Division_Metazoa","Division_Metazoa","Division_Metazoa","Division_Metazoa"
"ASVf613","Eukaryota","Opisthokonta","Choanoflagellida","Choanoflagellida_X","Choanoflagellida_XX","Clade-2","Sphaeroeca","Sphaeroeca_volvox"
"ASVf617","Eukaryota","Archaeplastida","Chlorophyta","Ulvophyceae","Ulotrichales","Ulotrichales_X","Ulothrix","Ulothrix_zonata"
"ASVf618","Eukaryota","Rhizaria","Cercozoa","Filosa-Sarcomonadea","Pansomonadida","Pansomonadida_X","Pansomonadida_XX","Pansomonadida_XX_sp."
"ASVf624","Eukaryota","Hacrobia","Centroheliozoa","Centroheliozoa_X","Centroheliozoa_XX","Centroheliozoa_XXX","Centroheliozoa_XXXX","Centroheliozoa_XXXX_sp."
"ASVf629","Eukaryota","Stramenopiles","Ochrophyta","Chrysophyceae","Chrysophyceae_X","Chrysophyceae_Clade-F","Paraphysomonas","Paraphysomonas_vestita"
"ASVf648","Eukaryota","Opisthokonta","Metazoa","Nematoda","Chromadorea","Chromadorea_X","Chromadorina","Chromadorina_bioculata"
"ASVf659","Eukaryota","Archaeplastida","Streptophyta","Coleochaetophyceae","Coleochaetophyceae_X","Coleochaetophyceae_XX","Coleochaete","Genus_Coleochaete"
"ASVf662","Eukaryota","Alveolata","Ciliophora","Oligohymenophorea","OLIGO4","OLIGO4_X","OLIGO4_XX","OLIGO4_XX_sp."
"ASVf664","Eukaryota","Archaeplastida","Chlorophyta","Chlorophyceae","Sphaeropleales","Sphaeropleales_X","Hariotina","Hariotina_reticulata"
"ASVf671","Eukaryota","Stramenopiles","Ochrophyta","Chrysophyceae","Chrysophyceae_X","Chrysophyceae_Clade-C","Epipyxis","Epipyxis_pulchra"
"ASVf675","Eukaryota","Alveolata","Ciliophora","Oligohymenophorea","Peritrichia_2","Sessilida","Vorticella","Vorticella_campanula"
"ASVf676","Eukaryota","Stramenopiles","Ochrophyta","Chrysophyceae","Chrysophyceae_X","Chrysophyceae_Clade-C","Poteriospumella","Poteriospumella_lacustris"
"ASVf679","Eukaryota","Rhizaria","Cercozoa","Endomyxa","Vampyrellida","Leptophryidae","Leptophryidae_X","Leptophryidae_X_sp."
"ASVf685","Eukaryota","Archaeplastida","Streptophyta","Zygnemophyceae","Zygnemophyceae_X","Zygnemophyceae_XX","Closterium","Closterium_gracile"
"ASVf686","Eukaryota","Archaeplastida","Chlorophyta","Trebouxiophyceae","Chlorellales","Chlorellales_X","Oocystis","Oocystis_nephrocytioides"
"ASVf691","Eukaryota","Alveolata","Ciliophora","Colpodea","Colpodea_X","Bursariomorphida","Bursariomorphida_X","Bursariomorphida_X_sp."
"ASVf692","Eukaryota","Alveolata","Dinoflagellata","Dinophyceae","Gonyaulacales","Ceratiaceae","Ceratium","Ceratium_hirundinella"
"ASVf708","Eukaryota","Archaeplastida","Chlorophyta","Trebouxiophyceae","Trebouxiophyceae_X","Trebouxiophyceae_XX","Botryococcus","Botryococcus_terribilis"
"ASVf715","Eukaryota","Alveolata","Ciliophora","Spirotrichea","Hypotrichia","Halteriidae","Halteria","Halteria_grandinella"
"ASVf719","Eukaryota","Alveolata","Perkinsea","Perkinsida","Perkinsida_X","Perkinsida_XX","Perkinsida_XXX","Perkinsida_XXX_sp."
"ASVf729","Eukaryota","Alveolata","Ciliophora","Oligohymenophorea","Peritrichia_2","Sessilida","Vorticella","Vorticella_aequilata"
"ASVf747","Eukaryota","Opisthokonta","Fungi","Cryptomycota","Cryptomycotina","Cryptomycotina_X","Rozella","Rozella_allomycis"
"ASVf761","Eukaryota","Stramenopiles","Ochrophyta","Chrysophyceae","Chrysophyceae_X","Chrysophyceae_Clade-C","Family_Chrysophyceae_Clade-C","Family_Chrysophyceae_Clade-C"
"ASVf768","Eukaryota","Alveolata","Ciliophora","Ciliophora_X","Ciliophora_XX","Ciliophora_XXX","Mesodinium","Mesodinium_sp."
"ASVf770","Eukaryota","Archaeplastida","Chlorophyta","Trebouxiophyceae","Chlorellales","Chlorellales_X","Oocystis","Oocystis_marssonii"
"ASVf778","Eukaryota","Hacrobia","Cryptophyta","Cryptophyceae","Cryptomonadales","Cryptomonadales_X","Cryptomonas","Cryptomonas_ovata"
"ASVf785","Eukaryota","Opisthokonta","Metazoa","Gastrotricha","Gastrotricha_X","Gastrotricha_XX","Lepidodermella","Lepidodermella_squamata"
"ASVf801","Eukaryota","Opisthokonta","Choanoflagellida","Choanoflagellatea","Craspedida","Monosigidae_Group_A","Monosiga","Monosiga_ovata"
"ASVf803","Eukaryota","Archaeplastida","Chlorophyta","Chlorophyceae","Chlamydomonadales","Chlamydomonadales_X","Phacotus","Phacotus_lenticularis"
"ASVf805","Eukaryota","Stramenopiles","Ochrophyta","Chrysophyceae","Chrysophyceae_X","Chrysophyceae_Clade-B2","Chrysosphaerella","Genus_Chrysosphaerella"
"ASVf812","Eukaryota","Hacrobia","Haptophyta","Prymnesiophyceae","Prymnesiales","Chrysochromulinaceae","Chrysochromulina","Chrysochromulina_parva"
"ASVf816","Eukaryota","Alveolata","Ciliophora","Oligohymenophorea","Peritrichia_1","Trichodinidae","Trichodina_1","Trichodina_1_sp."
"ASVf828","Eukaryota","Stramenopiles","Ochrophyta","Chrysophyceae","Chrysophyceae_X","Order_Chrysophyceae_X","Order_Chrysophyceae_X","Order_Chrysophyceae_X"
"ASVf840","Eukaryota","Rhizaria","Cercozoa","Filosa-Sarcomonadea","Cercomonadida","Order_Cercomonadida","Order_Cercomonadida","Order_Cercomonadida"
"ASVf853","Eukaryota","Archaeplastida","Chlorophyta","Chlorophyceae","Sphaeropleales","Sphaeropleales_X","Desmodesmus","Desmodesmus_communis"
"ASVf865","Eukaryota","Stramenopiles","Sagenista","Labyrinthulomycetes","Thraustochytriales","Thraustochytriaceae","Family_Thraustochytriaceae","Family_Thraustochytriaceae"
"ASVf867","Eukaryota","Archaeplastida","Chlorophyta","Chlorophyceae","Chlamydomonadales","Chlamydomonadales_X","Chlamydomonas","Chlamydomonas_sordida"
"ASVf868","Eukaryota","Archaeplastida","Chlorophyta","Chlorophyceae","Sphaeropleales","Sphaeropleales_X","Pseudomuriella","Pseudomuriella_sp."
"ASVf874","Eukaryota","Stramenopiles","Ochrophyta","Synurophyceae","Synurales","Synurales_X","Family_Synurales_X","Family_Synurales_X"
"ASVf880","Eukaryota","Stramenopiles","Ochrophyta","Bolidophyceae","Parmales","Parmales_X","Parmales_XX","Parmales_XX_sp."
"ASVf881","Eukaryota","Alveolata","Ciliophora","Oligohymenophorea","Peritrichia_2","Sessilida","Sessilida_X","Sessilida_X_sp."
"ASVf889","Eukaryota","Stramenopiles","Ochrophyta","Division_Ochrophyta","Division_Ochrophyta","Division_Ochrophyta","Division_Ochrophyta","Division_Ochrophyta"
"ASVf916","Eukaryota","Archaeplastida","Chlorophyta","Chlorophyceae","Chaetophorales","Chaetophorales_X","Aphanochaete","Aphanochaete_sp."
"ASVf917","Eukaryota","Alveolata","Dinoflagellata","Dinophyceae","Dinophyceae_X","Tovelliaceae","Tovellia","Tovellia_aveirensis"
"ASVf930","Eukaryota","Rhizaria","Cercozoa","Filosa-Imbricatea","Thaumatomonadida","Peregriniidae","Peregrinia","Peregrinia_sp."
"ASVf938","Eukaryota","Rhizaria","Cercozoa","Filosa-Granofilosea","Limnofilida","Limnofilidae","Limnofila","Limnofila_longa"
"ASVf941","Eukaryota","Opisthokonta","Fungi","Ascomycota","Pezizomycotina","Dothideomycetes","Family_Dothideomycetes","Family_Dothideomycetes"
"ASVf953","Eukaryota","Archaeplastida","Chlorophyta","Trebouxiophyceae","Trebouxiophyceae_X","Trebouxiophyceae_XX","Lemmermannia","Lemmermannia_komarekii"
"ASVf955","Eukaryota","Stramenopiles","Ochrophyta","Chrysophyceae","Chrysophyceae_X","Chrysophyceae_Clade-B2","Chrysophyceae_Clade-B2_X","Chrysophyceae_Clade-B2_X_sp."
"ASVf958","Eukaryota","Stramenopiles","Sagenista","Labyrinthulomycetes","Thraustochytriales","Thraustochytriaceae","Amphifilidae","Amphifilidae_sp."
"ASVf959","Eukaryota","Alveolata","Ciliophora","Oligohymenophorea","Peritrichia_2","Sessilida","Vorticella","Genus_Vorticella"
"ASVf962","Eukaryota","Apusozoa","Hilomonadea","Planomonadida","Planomonadidae","Planomonadidae_X","Micronuclearia","Micronuclearia_podoventralis"
"ASVf965","Eukaryota","Archaeplastida","Chlorophyta","Chlorophyceae","Sphaeropleales","Sphaeropleales_X","Pseudopediastrum","Pseudopediastrum_boryanum"
"ASVf969","Eukaryota","Stramenopiles","Ochrophyta","Chrysophyceae","Chrysophyceae_X","Chrysophyceae_Clade-E","Chrysophyceae_Clade-E_X","Chrysophyceae_Clade-E_X_sp."
"ASVf983","Eukaryota","Alveolata","Apicomplexa","Colpodellidea","Colpodellida","Alphamonaceae","Alphamonadea_ALPH2","Alphamonadea_ALPH2_sp."
"ASVf985","Eukaryota","Stramenopiles","Ochrophyta","Bolidophyceae","Parmales","Parmales_env_2","Parmales_env_2_X","Parmales_env_2_X_sp."
"ASVf986","Eukaryota","Opisthokonta","Metazoa","Nematoda","Chromadorea","Chromadorea_X","Eumonhystera","Eumonhystera_sp."
"ASVf997","Eukaryota","Stramenopiles","Ochrophyta","Bacillariophyta","Bacillariophyta_X","Raphid-pennate","Gomphonema","Gomphonema_parvulum"
"ASVf998","Eukaryota","Amoebozoa","Amoebozoa_X","Amoebozoa_XX","UI13E03-lineage","UI13E03-lineage_X","UI13E03-lineage_XX","UI13E03-lineage_XX_sp."
"ASVf1012","Eukaryota","Opisthokonta","Metazoa","Nematoda","Chromadorea","Chromadorea_X","Monhystera","Genus_Monhystera"
"ASVf1015","Eukaryota","Stramenopiles","Ochrophyta","Chrysophyceae","Chrysophyceae_X","Chrysophyceae_Clade-C","Chromulinospumella","Chromulinospumella_sphaerica"
"ASVf1017","Eukaryota","Stramenopiles","Pseudofungi","Oomycota","Oomycota_X","Saprolegniales","Saprolegnia","Saprolegnia_parasitica"
"ASVf1026","Eukaryota","Stramenopiles","Ochrophyta","Chrysophyceae","Chrysophyceae_X","Chrysophyceae_Clade-D","Chrysophyceae_Clade-D_X","Chrysophyceae_Clade-D_X_sp."
"ASVf1028","Eukaryota","Opisthokonta","Choanoflagellida","Choanoflagellatea","Acanthoecida","Acanthoecidae_Group_G","Family_Acanthoecidae_Group_G","Family_Acanthoecidae_Group_G"
"ASVf1030","Eukaryota","Stramenopiles","Ochrophyta","Bacillariophyta","Bacillariophyta_X","Araphid-pennate","Fragilaria","Fragilaria_nanana"
"ASVf1032","Eukaryota","Archaeplastida","Chlorophyta","Chlorophyceae","Sphaeropleales","Sphaeropleales_X","Schizochlamys","Schizochlamys_gelatinosa"
"ASVf1034","Eukaryota","Archaeplastida","Chlorophyta","Trebouxiophyceae","Chlorellales","Chlorellales_X","Franceia","Franceia_amphitricha"
"ASVf1040","Eukaryota","Amoebozoa","Lobosa","Tubulinea","Nolandida","Nolandellidae","Nolandellidae_X","Nolandellidae_X_sp."
"ASVf1046","Eukaryota","Hacrobia","Haptophyta","Haptophyta_Clade_HAP1","Haptophyta_Clade_HAP1_X","Haptophyta_Clade_HAP1_XX","Haptophyta_Clade_HAP1_XXX","Haptophyta_Clade_HAP1_XXX_sp."
"ASVf1048","Eukaryota","Stramenopiles","Ochrophyta","Chrysophyceae","Chrysophyceae_X","Chrysophyceae_Clade-F","Monas","Monas_sp."
"ASVf1053","Eukaryota","Opisthokonta","Metazoa","Nematoda","Chromadorea","Chromadorea_X","Family_Chromadorea_X","Family_Chromadorea_X"
"ASVf1056","Eukaryota","Amoebozoa","Lobosa","Discosea-Flabellinia","Vannellida","Vannellidae","Ripella","Ripella_sp."
"ASVf1058","Eukaryota","Archaeplastida","Chlorophyta","Trebouxiophyceae","Chlorellales","Chlorellales_X","Oocystella","Oocystella_oogama"
"ASVf1059","Eukaryota","Archaeplastida","Chlorophyta","Chlorophyceae","Sphaeropleales","Sphaeropleales_X","Coelastrum","Genus_Coelastrum"
"ASVf1060","Eukaryota","Alveolata","Ciliophora","Colpodea","Colpodea_X","Cyrtolophosidida","Pseudocyrtolophosis","Pseudocyrtolophosis_sp."
"ASVf1067","Eukaryota","Alveolata","Ciliophora","Litostomatea","Haptoria_4","Didiniidae","Didiniidae_X","Didiniidae_X_sp."
"ASVf1068","Eukaryota","Archaeplastida","Chlorophyta","Chlorophyceae","Sphaeropleales","Sphaeropleales_X","Asterarcys","Asterarcys_quadricellulare"
"ASVf1075","Eukaryota","Archaeplastida","Chlorophyta","Ulvophyceae","Ulotrichales","Ulotrichales_X","Trichosarcina","Trichosarcina_mucosa"
"ASVf1076","Eukaryota","Stramenopiles","Ochrophyta","Bolidophyceae","Parmales","Order_Parmales","Order_Parmales","Order_Parmales"
"ASVf1095","Eukaryota","Archaeplastida","Chlorophyta","Chlorophyceae","Chlamydomonadales","Chlamydomonadales_X","Tetrabaena","Tetrabaena_socialis"
"ASVf1104","Eukaryota","Opisthokonta","Metazoa","Rotifera","Rotifera_X","Rotifera_XX","Conochilus","Conochilus_hippocrepis"
"ASVf1108","Eukaryota","Rhizaria","Cercozoa","Endomyxa","Vampyrellida","op14-lineage","op14-lineage_X","op14-lineage_X_sp."
"ASVf1126","Eukaryota","Stramenopiles","Ochrophyta","Chrysophyceae","Chrysophyceae_X","Chrysophyceae_Clade-C","Dinobryon","Genus_Dinobryon"
"ASVf1130","Eukaryota","Hacrobia","Cryptophyta","Cryptophyceae","Pyrenomonadales","Pyrenomonadaceae","Rhodomonas","Rhodomonas_sp."
"ASVf1132","Eukaryota","Archaeplastida","Chlorophyta","Chlorophyceae","Sphaeropleales","Sphaeropleales_X","Scenedesmus","Scenedesmus_armatus"
"ASVf1133","Eukaryota","Archaeplastida","Chlorophyta","Mamiellophyceae","Dolichomastigales","Crustomastigaceae","Crustomastigaceae-AB","Crustomastigaceae-AB_sp."
"ASVf1134","Eukaryota","Archaeplastida","Streptophyta","Zygnemophyceae","Zygnemophyceae_X","Zygnemophyceae_XX","Staurastrum","Staurastrum_sp."
"ASVf1135","Eukaryota","Archaeplastida","Chlorophyta","Trebouxiophyceae","Chlorellales","Chlorellales_X","Oocystis","Oocystis_solitaria"
"ASVf1137","Eukaryota","Alveolata","Ciliophora","Spirotrichea","Tintinnida","Tintinnidiidae","Tintinnidium","Tintinnidium_sp."
"ASVf1140","Eukaryota","Archaeplastida","Streptophyta","Embryophyceae","Embryophyceae_X","Embryophyceae_XX","Urtica","Urtica_angustifolia"
"ASVf1144","Eukaryota","Opisthokonta","Choanoflagellida","Choanoflagellatea","Craspedida","Salpingoecidae_Group_C1","Salpingoecidae_Group_C1_X","Salpingoecidae_Group_C1_X_sp."
"ASVf1152","Eukaryota","Alveolata","Dinoflagellata","Dinophyceae","Suessiales","Suessiaceae","Biecheleria","Biecheleria_sp."
"ASVf1155","Eukaryota","Stramenopiles","Ochrophyta","Chrysophyceae","Chrysophyceae_X","Chrysophyceae_Clade-B2","Family_Chrysophyceae_Clade-B2","Family_Chrysophyceae_Clade-B2"
"ASVf1166","Eukaryota","Alveolata","Ciliophora","Litostomatea","Litostomatea_X","Litostomatea_XX","Epispathidium_2","Epispathidium_terricola"
"ASVf1167","Eukaryota","Archaeplastida","Chlorophyta","Trebouxiophyceae","Chlorellales","Chlorellales_X","Neglectella","Neglectella_peisonis"
"ASVf1170","Eukaryota","Archaeplastida","Chlorophyta","Trebouxiophyceae","Trebouxiophyceae_X","Trebouxiophyceae_XX","Lemmermannia","Lemmermannia_tetrapedia"
"ASVf1189","Eukaryota","Hacrobia","Cryptophyta","Cryptophyceae","Cryptomonadales","Cryptomonadales_X","Cryptomonadales_XX","Cryptomonadales_XX_sp."
"ASVf1216","Eukaryota","Archaeplastida","Chlorophyta","Chlorophyceae","Oedogoniales","Oedogoniales_X","Oedogonium","Oedogonium_sp."
"ASVf1229","Eukaryota","Stramenopiles","Pseudofungi","Oomycota","Oomycota_X","Peronosporales","Family_Peronosporales","Family_Peronosporales"
"ASVf1235","Eukaryota","Archaeplastida","Chlorophyta","Trebouxiophyceae","Chlorellales","Chlorellales_X","Oocystidium","Oocystidium_sp."
"ASVf1239","Eukaryota","Alveolata","Ciliophora","Litostomatea","Haptoria_6","Lacrymariidae","Lacrymariidae_X","Lacrymariidae_X_sp."
"ASVf1240","Eukaryota","Opisthokonta","Metazoa","Arthropoda","Crustacea","Ostracoda","Cypridopsis","Genus_Cypridopsis"
"ASVf1249","Eukaryota","Amoebozoa","Lobosa","Lobosa_X","Himatismenida","Parvamoebidae","Parvamoeba","Parvamoeba_sp."
"ASVf1255","Eukaryota","Stramenopiles","Ochrophyta","Bacillariophyta","Bacillariophyta_X","Araphid-pennate","Diatoma","Diatoma_tenue"
"ASVf1257","Eukaryota","Amoebozoa","Lobosa","Tubulinea","Arcellinida","Arcellinida_X","Pyxidicula","Pyxidicula_operculata"
"ASVf1263","Eukaryota","Hacrobia","Centroheliozoa","Centroheliozoa_X","Pterocystida","Pterocystidae","Family_Pterocystidae","Family_Pterocystidae"
"ASVf1264","Eukaryota","Archaeplastida","Chlorophyta","Trebouxiophyceae","Chlorellales","Chlorellales_X","Makinoella","Makinoella_tosaensis"
"ASVf1278","Eukaryota","Alveolata","Ciliophora","Litostomatea","Haptoria_5","Pleurostomatida","Pleurostomatida_X","Pleurostomatida_X_sp."
"ASVf1288","Eukaryota","Opisthokonta","Fungi","Chytridiomycota","Chytridiomycotina","Chytridiomycetes","Rhizidium","Rhizidium_sp."
"ASVf1307","Eukaryota","Archaeplastida","Chlorophyta","Mamiellophyceae","Monomastigales","Monomastigaceae","Monomastigaceae_X","Monomastigaceae_X_sp."
"ASVf1308","Eukaryota","Archaeplastida","Chlorophyta","Chlorophyceae","Sphaeropleales","Sphaeropleales_X","Coelastrum","Coelastrum_microporum"
"ASVf1313","Eukaryota","Alveolata","Ciliophora","Oligohymenophorea","Peniculia","Parameciidae","Paramecium","Paramecium_caudatum"
"ASVf1314","Eukaryota","Hacrobia","Cryptophyta","Cryptophyceae","Cryptomonadales","Cryptomonadales_X","Cryptomonas","Cryptomonas_sp."
"ASVf1315","Eukaryota","Opisthokonta","Mesomycetozoa","Ichthyosporea","Ichthyosphonida","Order_Ichthyosphonida","Order_Ichthyosphonida","Order_Ichthyosphonida"
"ASVf1329","Eukaryota","Opisthokonta","Metazoa","Gastrotricha","Gastrotricha_X","Gastrotricha_XX","Chaetonotus","Genus_Chaetonotus"
"ASVf1331","Eukaryota","Opisthokonta","Fungi","Ascomycota","Pezizomycotina","Dothideomycetes","Alternaria","Alternaria_gaisen"
"ASVf1335","Eukaryota","Excavata","Discoba","Euglenozoa","Euglenida","Euglenales","Family_Euglenales","Family_Euglenales"
"ASVf1336","Eukaryota","Opisthokonta","Metazoa","Rotifera","Rotifera_X","Rotifera_XX","Ascomorpha","Ascomorpha_ovalis"
"ASVf1364","Eukaryota","Archaeplastida","Chlorophyta","Trebouxiophyceae","Chlorellales","Chlorellales_X","Chlorellales_XX","Chlorellales_XX_sp."
"ASVf1404","Eukaryota","Alveolata","Ciliophora","Oligohymenophorea","Peniculia","Parameciidae","Paramecium","Paramecium_putrinum"
"ASVf1441","Eukaryota","Archaeplastida","Chlorophyta","Chlorophyceae","Chlorophyceae_X","Chlorophyceae_XX","Trochiscia","Trochiscia_hystrix"
"ASVf1456","Eukaryota","Archaeplastida","Chlorophyta","Trebouxiophyceae","Watanabea-Clade","Watanabea-Clade_X","Chloroidium","Chloroidium_saccharophila"
"ASVf1457","Eukaryota","Rhizaria","Cercozoa","Filosa-Sarcomonadea","Glissomonadida","Allapsidae","Viridiraptor","Viridiraptor_invadens"
"ASVf1481","Eukaryota","Opisthokonta","Metazoa","Arthropoda","Crustacea","Malacostraca","Carcinus","Carcinus_maenas"
"ASVf1516","Eukaryota","Archaeplastida","Chlorophyta","Chlorophyceae","Chlamydomonadales","Chlamydomonadales_X","Chlamydomonas","Chlamydomonas_rapa"
"ASVf1554","Eukaryota","Stramenopiles","Ochrophyta","Bacillariophyta","Bacillariophyta_X","Araphid-pennate","Fragilaria","Fragilaria_bidens"
"ASVf1572","Eukaryota","Archaeplastida","Chlorophyta","Ulvophyceae","Oltmansiellopsidales","Oltmansiellopsidales_X","Family_Oltmansiellopsidales_X","Family_Oltmansiellopsidales_X"
"ASVf1575","Eukaryota","Alveolata","Ciliophora","Heterotrichea","Heterotrichea_X","Stentoridae","Stentor","Stentor_roeselii"
"ASVf1576","Eukaryota","Alveolata","Ciliophora","Phyllopharyngea","Suctoria","PHYLL_2","PHYLL_2_X","PHYLL_2_X_sp."
"ASVf1578","Eukaryota","Amoebozoa","Lobosa","Lobosa_X","Lobosa_XX","LKM74-lineage","LKM74-lineage_X","LKM74-lineage_X_sp."
"ASVf1593","Eukaryota","Rhizaria","Cercozoa","Filosa-Sarcomonadea","Cercomonadida","Paracercomonadidae","Paracercomonas","Paracercomonas_metabolicus"
"ASVf1594","Eukaryota","Stramenopiles","Ochrophyta","Chrysophyceae","Chrysophyceae_X","Chrysophyceae_Clade-C","Kephyrion","Kephyrion_sp."
"ASVf1603","Eukaryota","Opisthokonta","Metazoa","Arthropoda","Crustacea","Maxillopoda","Macrocyclops","Macrocyclops_albidus"
"ASVf1604","Eukaryota","Alveolata","Dinoflagellata","Dinophyceae","Dinophyceae_X","Dinophyceae_XX","Dinophyceae_XXX","Dinophyceae_XXX_sp."
"ASVf1611","Eukaryota","Archaeplastida","Streptophyta","Embryophyceae","Embryophyceae_X","Embryophyceae_XX","Artemisia","Artemisia_annua"
"ASVf1619","Eukaryota","Rhizaria","Cercozoa","Filosa-Imbricatea","Class_Filosa-Imbricatea","Class_Filosa-Imbricatea","Class_Filosa-Imbricatea","Class_Filosa-Imbricatea"
"ASVf1622","Eukaryota","Stramenopiles","Opalozoa","Bicoecea","Bicoecales","Bicoecaceae","Bicoecaceae_X","Bicoecaceae_X_sp."
"ASVf1634","Eukaryota","Archaeplastida","Streptophyta","Zygnemophyceae","Zygnemophyceae_X","Zygnemophyceae_XX","Cosmarium","Cosmarium_tinctum"
"ASVf1638","Eukaryota","Stramenopiles","Pseudofungi","Oomycota","Oomycota_X","Peronosporales","Pythium","Genus_Pythium"
"ASVf1646","Eukaryota","Hacrobia","Cryptophyta","Cryptophyceae","Cryptomonadales","Cryptomonadales_X","Cryptomonas","Cryptomonas_tetrapyrenoidosa"
"ASVf1661","Eukaryota","Opisthokonta","Fungi","Ascomycota","Pezizomycotina","Dothideomycetes","Mycosphaerella","Mycosphaerella_graminicola"
"ASVf1664","Eukaryota","Stramenopiles","Pseudofungi","Oomycota","Oomycota_X","Saprolegniales","Saprolegniales_X","Saprolegniales_X_sp."
"ASVf1686","Eukaryota","Amoebozoa","Lobosa","Tubulinea","Euamoebida","Hartmannellidae","Family_Hartmannellidae","Family_Hartmannellidae"
"ASVf1696","Eukaryota","Alveolata","Ciliophora","Oligohymenophorea","Peritrichia_2","Sessilida","Vorticella","Vorticella_gracilis"
"ASVf1704","Eukaryota","Opisthokonta","Fungi","Chytridiomycota","Chytridiomycotina","Chytridiomycetes","Chytridiomycetes_X","Chytridiomycetes_X_sp."
"ASVf1710","Eukaryota","Opisthokonta","Metazoa","Gastrotricha","Gastrotricha_X","Gastrotricha_XX","Heterolepidoderma","Heterolepidoderma_sp."
"ASVf1727","Eukaryota","Opisthokonta","Metazoa","Arthropoda","Crustacea","Maxillopoda","Eucyclops","Eucyclops_serrulatus"
"ASVf1761","Eukaryota","Stramenopiles","Ochrophyta","Chrysophyceae","Chrysophyceae_X","Chrysophyceae_Clade-B2","Chrysamoeba","Chrysamoeba_mikrokonta"
"ASVf1763","Eukaryota","Opisthokonta","Choanoflagellida","Choanoflagellatea","Craspedida","Salpingoecidae_Group_C1","Salpingoeca_C1","Salpingoeca_amphoridium"
"ASVf1768","Eukaryota","Opisthokonta","Choanoflagellida","Choanoflagellatea","Craspedida","Monosigidae_Group_A","Codosiga","Codosiga_botrytis"
"ASVf1772","Eukaryota","Alveolata","Ciliophora","Litostomatea","Haptoria_6","Lacrymariidae","Phialina","Phialina_salinarum"
"ASVf1776","Eukaryota","Archaeplastida","Chlorophyta","Trebouxiophyceae","Chlorellales","Chlorellales_X","Nannochloris","Nannochloris_sp."
"ASVf1778","Eukaryota","Alveolata","Ciliophora","Oligohymenophorea","Hymenostomatia","Tetrahymenida","Tetrahymenida_X","Tetrahymenida_X_sp."
"ASVf1782","Eukaryota","Stramenopiles","Ochrophyta","Chrysophyceae","Chrysophyceae_X","Chrysophyceae_XX","Family_Chrysophyceae_XX","Family_Chrysophyceae_XX"
"ASVf1790","Eukaryota","Rhizaria","Cercozoa","Filosa-Sarcomonadea","Cercomonadida","Cercomonadidae","Cercomonas","Cercomonas_sp."
"ASVf1806","Eukaryota","Archaeplastida","Chlorophyta","Chlorophyceae","Sphaeropleales","Sphaeropleales_X","Scenedesmus","Scenedesmus_abundans"
"ASVf1813","Eukaryota","Archaeplastida","Chlorophyta","Chlorophyceae","Chlamydomonadales","Chlamydomonadales_X","Chlamydomonas","Chlamydomonas_noctigama"
"ASVf1820","Eukaryota","Rhizaria","Cercozoa","Filosa-Sarcomonadea","Glissomonadida","Glissomonadida_Clade-Y","Glissomonadida_Clade-Y_X","Glissomonadida_Clade-Y_X_sp."
"ASVf1832","Eukaryota","Stramenopiles","Ochrophyta","Eustigmatophyceae","Eustigmatophyceae_X","Eustigmatophyceae_XX","Eustigmatophyceae_XXX","Eustigmatophyceae_XXX_sp."
"ASVf1840","Eukaryota","Alveolata","Ciliophora","Phyllopharyngea","Cyrtophoria_4","Chilodonellidae","Chilodonellidae_X","Chilodonellidae_X_sp."
"ASVf1868","Eukaryota","Rhizaria","Cercozoa","Filosa-Sarcomonadea","Glissomonadida","Allapsidae","Teretomonas","Teretomonas_rotunda"
"ASVf1872","Eukaryota","Rhizaria","Cercozoa","Filosa-Sarcomonadea","Glissomonadida","Sandonidae","Sandonidae_X","Sandonidae_X_sp."
"ASVf1874","Eukaryota","Archaeplastida","Chlorophyta","Chlorophyceae","Sphaeropleales","Sphaeropleales_X","Scenedesmus","Genus_Scenedesmus"
"ASVf1878","Eukaryota","Alveolata","Ciliophora","Spirotrichea","Hypotrichia","Oxytrichidae","Sterkiella","Sterkiella_nova"
"ASVf1920","Eukaryota","Stramenopiles","Ochrophyta","Eustigmatophyceae","Eustigmatophyceae_X","Eustigmatophyceae_XX","Family_Eustigmatophyceae_XX","Family_Eustigmatophyceae_XX"
"ASVf1926","Eukaryota","Archaeplastida","Chlorophyta","Chlorophyceae","Sphaeropleales","Sphaeropleales_X","Radiococcus","Radiococcus_polycoccus"
"ASVf1934","Eukaryota","Opisthokonta","Fungi","Chytridiomycota","Chytridiomycotina","Chytridiomycetes","Rhizophydium","Genus_Rhizophydium"
"ASVf1947","Eukaryota","Hacrobia","Centroheliozoa","Centroheliozoa_X","Pterocystida","Pterocystidae","Pterocystidae_X","Pterocystidae_X_sp."
"ASVf1949","Eukaryota","Hacrobia","Haptophyta","Pavlovophyceae","Pavlovales","Pavlovaceae","Diacronema","Diacronema_sp."
"ASVf1966","Eukaryota","Alveolata","Ciliophora","Litostomatea","Litostomatea_X","Litostomatea_XX","Family_Litostomatea_XX","Family_Litostomatea_XX"
"ASVf1971","Eukaryota","Opisthokonta","Metazoa","Annelida","Annelida_X","Annelida_XX","Family_Annelida_XX","Family_Annelida_XX"
"ASVf1973","Eukaryota","Rhizaria","Cercozoa","Endomyxa","Vampyrellida","Vampyrellidae","Vampyrella","Vampyrella_sp."
"ASVf1981","Eukaryota","Archaeplastida","Chlorophyta","Chlorophyceae","Chlamydomonadales","Chlamydomonadales_X","Chlamydomonas","Chlamydomonas_pulvinata"
"ASVf1997","Eukaryota","Alveolata","Ciliophora","Phyllopharyngea","Cyrtophoria_7","Hartmannulidae","Hartmannulidae_X","Hartmannulidae_X_sp."
"ASVf1999","Eukaryota","Opisthokonta","Mesomycetozoa","Ichthyosporea","Ichthyosphonida","Abeoformidae_Group_MAIP_2","Abeoformidae_Group_MAIP_2_X","Abeoformidae_Group_MAIP_2_X_sp."
"ASVf2005","Eukaryota","Archaeplastida","Chlorophyta","Ulvophyceae","Ulotrichales","Ulotrichales_X","Pseudendoclonium","Pseudendoclonium_akinetum"
"ASVf2011","Eukaryota","Opisthokonta","Metazoa","Bryozoa","Bryozoa_X","Bryozoa_XX","Plumatella","Genus_Plumatella"
"ASVf2013","Eukaryota","Opisthokonta","Metazoa","Rotifera","Rotifera_X","Rotifera_XX","Rotaria","Rotaria_rotatoria"
"ASVf2022","Eukaryota","Stramenopiles","Pseudofungi","MAST-2","MAST-2A","MAST-2A_X","MAST-2A_XX","MAST-2A_XX_sp."
"ASVf2026","Eukaryota","Opisthokonta","Fungi","Zoopagomycota","Zoopagomycotina","Zoopagomycotina_X","Acaulopage","Acaulopage_tetraceros"
"ASVf2037","Eukaryota","Stramenopiles","Opalozoa","Bicoecea","Pseudodendromonadales","Pseudodendromonadales_X","Family_Pseudodendromonadales_X","Family_Pseudodendromonadales_X"
"ASVf2052","Eukaryota","Rhizaria","Cercozoa","Filosa-Thecofilosea","Cryomonadida","Rhogostoma-lineage","Rhogostoma-lineage_X","Rhogostoma-lineage_X_sp."
"ASVf2056","Eukaryota","Opisthokonta","Metazoa","Annelida","Annelida_X","Annelida_XX","Pristina","Genus_Pristina"
"ASVf2063","Eukaryota","Alveolata","Dinoflagellata","Dinophyceae","Gonyaulacales","Ceratiaceae","Ceratium","Ceratium_furcoides"
"ASVf2070","Eukaryota","Archaeplastida","Chlorophyta","Trebouxiophyceae","Prasiolales","Prasiolales_X","Pseudochlorella","Pseudochlorella_pringsheimii"
"ASVf2072","Eukaryota","Alveolata","Ciliophora","Oligohymenophorea","Oligohymenophorea_X","Oligohymenophorea_XX","Oligohymenophorea_XXX","Oligohymenophorea_XXX_sp."
"ASVf2075","Eukaryota","Alveolata","Ciliophora","Oligohymenophorea","Peniculia","Lembadionidae","Lembadion","Lembadion_sp."
"ASVf2080","Eukaryota","Alveolata","Ciliophora","Oligohymenophorea","Hymenostomatia","Tetrahymenida","Family_Tetrahymenida","Family_Tetrahymenida"
"ASVf2089","Eukaryota","Alveolata","Ciliophora","Oligohymenophorea","Scuticociliatia_2","Scuticociliatia_2_X","Protocyclidium","Protocyclidium_citrullus"
"ASVf2102","Eukaryota","Rhizaria","Cercozoa","Filosa-Granofilosea","Cryptofilida","Mesofilidae","Mesofilidae_X","Mesofilidae_X_sp."
"ASVf2115","Eukaryota","Archaeplastida","Streptophyta","Zygnemophyceae","Zygnemophyceae_X","Zygnemophyceae_XX","Cosmarium","Genus_Cosmarium"
"ASVf2138","Eukaryota","Alveolata","Ciliophora","Litostomatea","Haptoria_2","Haptoria_2_X","Chaenea","Chaenea_sp."
"ASVf2140","Eukaryota","Archaeplastida","Streptophyta","Mesostigmatophyceae","Mesostigmatophyceae_X","Mesostigmatophyceae_XX","Chaetosphaeridium","Chaetosphaeridium_globosum"
"ASVf2146","Eukaryota","Archaeplastida","Chlorophyta","Chlorophyceae","Chlamydomonadales","Chlamydomonadales_X","Deasonia","Deasonia_sp."
"ASVf2152","Eukaryota","Opisthokonta","Metazoa","Arthropoda","Crustacea","Malacostraca","Family_Malacostraca","Family_Malacostraca"
"ASVf2173","Eukaryota","Archaeplastida","Streptophyta","Embryophyceae","Embryophyceae_X","Embryophyceae_XX","Pinus","Pinus_taeda"
"ASVf2175","Eukaryota","Archaeplastida","Streptophyta","Embryophyceae","Embryophyceae_X","Embryophyceae_XX","Brassica","Brassica_rapa"
"ASVf2182","Eukaryota","Stramenopiles","Ochrophyta","Bacillariophyta","Bacillariophyta_X","Araphid-pennate","Asterionella","Asterionella_formosa"
"ASVf2186","Eukaryota","Opisthokonta","Metazoa","Myxozoa","Myxozoa_X","Myxosporea","Myxobolus","Myxobolus_pseudodispar"
"ASVf2194","Eukaryota","Hacrobia","Cryptophyta","Cryptophyceae","Cryptomonadales","Cryptomonadales_X","Komma","Komma_caudata"
"ASVf2216","Eukaryota","Archaeplastida","Streptophyta","Zygnemophyceae","Zygnemophyceae_X","Zygnemophyceae_XX","Cosmarium","Cosmarium_laeve"
"ASVf2217","Eukaryota","Archaeplastida","Chlorophyta","Mamiellophyceae","Dolichomastigales","Dolichomastigaceae","Dolichomastix","Dolichomastix_tenuilepis"
"ASVf2266","Eukaryota","Alveolata","Ciliophora","Oligohymenophorea","Peritrichia_2","Sessilida","Vorticellides","Vorticellides_aquadulcis"
"ASVf2278","Eukaryota","Hacrobia","Katablepharidophyta","Katablepharidaceae","Katablepharidales","Katablepharidales_X","Family_Katablepharidales_X","Family_Katablepharidales_X"
"ASVf2327","Eukaryota","Stramenopiles","Ochrophyta","Chrysophyceae","Chrysophyceae_X","Chrysophyceae_Clade-C","Cronospumella","Cronospumella_fuschlensis"
"ASVf2332","Eukaryota","Opisthokonta","Fungi","Chytridiomycota","Chytridiomycotina","Chytridiomycetes","Rhizophydium","Rhizophydium_sp."
"ASVf2353","Eukaryota","Opisthokonta","Metazoa","Platyhelminthes","Turbellaria","Rhabdocoela","Mesostoma","Mesostoma_thamagae"
"ASVf2361","Eukaryota","Archaeplastida","Streptophyta","Zygnemophyceae","Zygnemophyceae_X","Zygnemophyceae_XX","Spirogyra","Spirogyra_sp."
"ASVf2398","Eukaryota","Rhizaria","Cercozoa","Filosa-Granofilosea","Limnofilida","Limnofilidae","Limnofilidae_X","Limnofilidae_X_sp."
"ASVf2404","Eukaryota","Amoebozoa","Lobosa","Tubulinea","Class_Tubulinea","Class_Tubulinea","Class_Tubulinea","Class_Tubulinea"
"ASVf2420","Eukaryota","Stramenopiles","Ochrophyta","Bacillariophyta","Bacillariophyta_X","Raphid-pennate","Cocconeis","Genus_Cocconeis"
"ASVf2437","Eukaryota","Opisthokonta","Choanoflagellida","Choanoflagellatea","Choanoflagellatea_X","Order_Choanoflagellatea_X","Order_Choanoflagellatea_X","Order_Choanoflagellatea_X"
"ASVf2474","Eukaryota","Alveolata","Ciliophora","Spirotrichea","Hypotrichia","Oxytrichidae","Family_Oxytrichidae","Family_Oxytrichidae"
"ASVf2477","Eukaryota","Alveolata","Ciliophora","Oligohymenophorea","Hymenostomatia","Ophryoglenida","Family_Ophryoglenida","Family_Ophryoglenida"
"ASVf2491","Eukaryota","Archaeplastida","Streptophyta","Coleochaetophyceae","Coleochaetophyceae_X","Coleochaetophyceae_XX","Coleochaete","Coleochaete_irregularis"
"ASVf2504","Eukaryota","Archaeplastida","Streptophyta","Embryophyceae","Embryophyceae_X","Embryophyceae_XX","Family_Embryophyceae_XX","Family_Embryophyceae_XX"
"ASVf2517","Eukaryota","Alveolata","Ciliophora","Oligohymenophorea","Peniculia","Frontoniidae_2","Frontoniidae_2_X","Frontoniidae_2_X_sp."
"ASVf2632","Eukaryota","Stramenopiles","Pseudofungi","Oomycota","Oomycota_X","Saprolegniales","Aphanomyces","Aphanomyces_repetans"
"ASVf2634","Eukaryota","Archaeplastida","Chlorophyta","Trebouxiophyceae","Chlorellales","Chlorellales_X","Ooplanctella","Ooplanctella_planoconvexa"
"ASVf2638","Eukaryota","Rhizaria","Cercozoa","Filosa-Thecofilosea","Cryomonadida","Protaspa-lineage","Protaspa-lineage_X","Protaspa-lineage_X_sp."
"ASVf2657","Eukaryota","Hacrobia","Cryptophyta","Cryptophyceae","Cryptomonadales","Cryptomonadales_X","Cryptomonas","Cryptomonas_paramecium"
"ASVf2729","Eukaryota","Opisthokonta","Choanoflagellida","Choanoflagellatea","Craspedida","Salpingoecidae_Group_C1","Salpingoeca_C1","Genus_Salpingoeca_C1"
"ASVf2752","Eukaryota","Opisthokonta","Fungi","Chytridiomycota","Chytridiomycotina","Chytridiomycetes","Avachytrium","Avachytrium_platense"
"ASVf2855","Eukaryota","Rhizaria","Cercozoa","Filosa-Sarcomonadea","Glissomonadida","Allapsidae","Group-Te","Group_Te_sp."
"ASVf2863","Eukaryota","Archaeplastida","Chlorophyta","Ulvophyceae","Ulotrichales","Ulotrichales_X","Family_Ulotrichales_X","Family_Ulotrichales_X"
"ASVf2870","Eukaryota","Rhizaria","Cercozoa","Endomyxa","Vampyrellida","Order_Vampyrellida","Order_Vampyrellida","Order_Vampyrellida"
"ASVf2896","Eukaryota","Stramenopiles","Ochrophyta","Bacillariophyta","Bacillariophyta_X","Raphid-pennate","Gomphonema","Gomphonema_bourbonense"
"ASVf2927","Eukaryota","Stramenopiles","Ochrophyta","Chrysophyceae","Chrysophyceae_X","Chrysophyceae_Clade-B1","Chrysophyceae_Clade-B1_X","Chrysophyceae_Clade-B1_X_sp."
"ASVf2928","Eukaryota","Amoebozoa","Conosa","Variosea","Variosea_X","Variosea_XX","Variosea_XXX","Variosea_XXX_sp."
"ASVf2940","Eukaryota","Rhizaria","Cercozoa","Endomyxa","Vampyrellida","Vampyrellida_X","Thalassomyxa","Thalassomyxa_sp."
"ASVf2943","Eukaryota","Rhizaria","Cercozoa","Filosa-Sarcomonadea","Glissomonadida","Sandonidae","Sandona","Sandona_sp."
"ASVf3020","Eukaryota","Archaeplastida","Chlorophyta","Chlorophyceae","Sphaeropleales","Sphaeropleales_X","Scenedesmus","Scenedesmus_obliquus"
"ASVf3034","Eukaryota","Opisthokonta","Metazoa","Nematoda","Chromadorea","Chromadorea_X","Eumonhystera","Eumonhystera_filiformis"
"ASVf3069","Eukaryota","Rhizaria","Cercozoa","Novel-clade-10-12","Tremulida","Tremulidae","Tremula","Tremula_longifila"
"ASVf3121","Eukaryota","Alveolata","Ciliophora","Spirotrichea","Euplotia","Aspidiscidae","Aspidisca","Aspidisca_sp."
"ASVf3150","Eukaryota","Rhizaria","Cercozoa","Endomyxa-Phytomyxea","Plasmodiophorida","Plasmodiophorida_X","Plasmodiophorida_XX","Plasmodiophorida_XX_sp."
"ASVf3165","Eukaryota","Alveolata","Ciliophora","Litostomatea","Haptoria_5","Pleurostomatida","Loxophyllum","Genus_Loxophyllum"
"ASVf3204","Eukaryota","Opisthokonta","Fungi","Kickxellomycota","Kickxellomycotina","Harpellales","Smittium","Smittium_mucronatum"
"ASVf3219","Eukaryota","Rhizaria","Cercozoa","Filosa-Sarcomonadea","Cercomonadida","Paracercomonadidae","Paracercomonas","Paracercomonas_virgaria"
"ASVf3271","Eukaryota","Alveolata","Apicomplexa","Gregarinomorphea","Neogregarinorida","Actinocephalidae","Ascogregarina","Ascogregarina_sp."
"ASVf3418","Eukaryota","Opisthokonta","Fungi","Ascomycota","Pezizomycotina","Eurotiomycetes","Chaetothyriales","Chaetothyriales_sp."
"ASVf3424","Eukaryota","Rhizaria","Cercozoa","Filosa-Sarcomonadea","Glissomonadida","Allapsidae","Allapsidae_X","Allapsidae_X_sp."
"ASVf3443","Eukaryota","Archaeplastida","Rhodophyta","Bangiophyceae","Cyanidiales","Cyanidiales_X","Cyanidiales_XX","Cyanidiales_XX_sp."
"ASVf3462","Eukaryota","Stramenopiles","Ochrophyta","Bacillariophyta","Bacillariophyta_X","Raphid-pennate","Cymbella","Cymbella_affinis"
"ASVf3475","Eukaryota","Alveolata","Dinoflagellata","Dinophyceae","Suessiales","Suessiaceae","Biecheleria","Genus_Biecheleria"
"ASVf3490","Eukaryota","Rhizaria","Cercozoa","Filosa-Granofilosea","Class_Filosa-Granofilosea","Class_Filosa-Granofilosea","Class_Filosa-Granofilosea","Class_Filosa-Granofilosea"
"ASVf3491","Eukaryota","Archaeplastida","Chlorophyta","Ulvophyceae","Cladophorales","Cladophorales_X","Family_Cladophorales_X","Family_Cladophorales_X"
"ASVf3511","Eukaryota","Apusozoa","Hilomonadea","Planomonadida","Planomonadidae","Planomonadidae_X","Rigifila","Rigifila_ramosa"
"ASVf3564","Eukaryota","Alveolata","Ciliophora","Spirotrichea","Hypotrichia","Urostylidae","Uroleptus","Genus_Uroleptus"
"ASVf3586","Eukaryota","Archaeplastida","Streptophyta","Embryophyceae","Embryophyceae_X","Embryophyceae_XX","Cucumis","Cucumis_sativus"
"ASVf3681","Eukaryota","Alveolata","Ciliophora","Oligohymenophorea","Peritrichia_2","Vaginicolidae","Vaginicolidae_X","Vaginicolidae_X_sp."
"ASVf3805","Eukaryota","Opisthokonta","Fungi","Ascomycota","Pezizomycotina","Dothideomycetes","Leptosphaeria","Leptosphaeria_sp."
"ASVf3811","Eukaryota","Opisthokonta","Metazoa","Arthropoda","Hexapoda","Insecta","Psectrocladius","Psectrocladius_(Allopsectrocladius)"
"ASVf3862","Eukaryota","Archaeplastida","Streptophyta","Embryophyceae","Embryophyceae_X","Embryophyceae_XX","Plantago","Plantago_lanceolata"
"ASVf3918","Eukaryota","Amoebozoa","Lobosa","Tubulinea","Arcellinida","Arcellinida_X","Lesquereusia","Lesquereusia_spiralis"
"ASVf4255","Eukaryota","Stramenopiles","Ochrophyta","Chrysophyceae","Chrysophyceae_X","Chrysophyceae_Clade-E","Family_Chrysophyceae_Clade-E","Family_Chrysophyceae_Clade-E"
"ASVf4584","Eukaryota","Excavata","Discoba","Heterolobosea","Heterolobosea_X","Vahlkampfiidae","Naegleria","Naegleria_sp."
"ASVf4717","Eukaryota","Amoebozoa","Conosa","Mycetozoa-Myxogastrea","Stemonitales-Physarales","Stemonitales-Physarales_X","Lamproderma","Genus_Lamproderma"
"ASVf4756","Eukaryota","Archaeplastida","Streptophyta","Embryophyceae","Embryophyceae_X","Embryophyceae_XX","Festuca","Festuca_rubra"
"ASVf4782","Eukaryota","Opisthokonta","Metazoa","Arthropoda","Class_Arthropoda","Class_Arthropoda","Class_Arthropoda","Class_Arthropoda"
